-- MySQL dump 10.13  Distrib 5.1.61, for debian-linux-gnu (i686)
--
-- Host: localhost    Database: entando-demoPort
-- ------------------------------------------------------
-- Server version	5.1.61-0ubuntu0.11.10.1

/*!40101 SET @OLD_CHARACTER_SET_CLIENT=@@CHARACTER_SET_CLIENT */;
/*!40101 SET @OLD_CHARACTER_SET_RESULTS=@@CHARACTER_SET_RESULTS */;
/*!40101 SET @OLD_COLLATION_CONNECTION=@@COLLATION_CONNECTION */;
/*!40101 SET NAMES utf8 */;
/*!40103 SET @OLD_TIME_ZONE=@@TIME_ZONE */;
/*!40103 SET TIME_ZONE='+00:00' */;
/*!40014 SET @OLD_UNIQUE_CHECKS=@@UNIQUE_CHECKS, UNIQUE_CHECKS=0 */;
/*!40014 SET @OLD_FOREIGN_KEY_CHECKS=@@FOREIGN_KEY_CHECKS, FOREIGN_KEY_CHECKS=0 */;
/*!40101 SET @OLD_SQL_MODE=@@SQL_MODE, SQL_MODE='NO_AUTO_VALUE_ON_ZERO' */;
/*!40111 SET @OLD_SQL_NOTES=@@SQL_NOTES, SQL_NOTES=0 */;

--
-- Current Database: `entando-demoPort`
--

CREATE DATABASE /*!32312 IF NOT EXISTS*/ `entando-demoPort` /*!40100 DEFAULT CHARACTER SET latin1 */;

USE `entando-demoPort`;

--
-- Table structure for table `categories`
--

DROP TABLE IF EXISTS `categories`;
/*!40101 SET @saved_cs_client     = @@character_set_client */;
/*!40101 SET character_set_client = utf8 */;
CREATE TABLE `categories` (
  `catcode` varchar(30) NOT NULL,
  `parentcode` varchar(30) NOT NULL,
  `titles` longtext NOT NULL,
  PRIMARY KEY (`catcode`)
) ENGINE=InnoDB DEFAULT CHARSET=utf8;
/*!40101 SET character_set_client = @saved_cs_client */;

--
-- Dumping data for table `categories`
--

LOCK TABLES `categories` WRITE;
/*!40000 ALTER TABLE `categories` DISABLE KEYS */;
INSERT INTO `categories` VALUES ('events','home','<?xml version=\"1.0\" encoding=\"UTF-8\"?>\n<properties>\n<property key=\"en\">Events</property>\n<property key=\"it\">Eventi</property>\n</properties>\n\n'),('footerlinks','home','<?xml version=\"1.0\" encoding=\"UTF-8\"?>\n<properties>\n<property key=\"en\">Footer Links</property>\n<property key=\"it\">Link per Footer</property>\n</properties>\n\n'),('home','home','<?xml version=\"1.0\" encoding=\"UTF-8\"?>\n<properties>\n<property key=\"it\">Generale</property>\n<property key=\"en\">All</property>\n</properties>\n\n');
/*!40000 ALTER TABLE `categories` ENABLE KEYS */;
UNLOCK TABLES;

--
-- Table structure for table `contentmodels`
--

DROP TABLE IF EXISTS `contentmodels`;
/*!40101 SET @saved_cs_client     = @@character_set_client */;
/*!40101 SET character_set_client = utf8 */;
CREATE TABLE `contentmodels` (
  `modelid` int(11) NOT NULL,
  `contenttype` varchar(30) NOT NULL,
  `descr` varchar(50) NOT NULL,
  `model` longtext,
  `stylesheet` varchar(50) DEFAULT NULL,
  PRIMARY KEY (`modelid`)
) ENGINE=InnoDB DEFAULT CHARSET=utf8;
/*!40101 SET character_set_client = @saved_cs_client */;

--
-- Dumping data for table `contentmodels`
--

LOCK TABLES `contentmodels` WRITE;
/*!40000 ALTER TABLE `contentmodels` DISABLE KEYS */;
INSERT INTO `contentmodels` VALUES (1,'TST','Main','TITLE $content.Title.text',NULL),(2,'NEW','Complete def. (title, date, text, attach, links)','<div class=\"news-2\">\n	<h2>$content.Title.text</h2>\n	<p>\n	  $content.Date.fullDate\n	</p>\n  	\n	#if ( $content.Image1.getImagePath(\"2\")!=\"\" )\n	<img src=\"$content.Image1.getImagePath(\"2\")\" alt=\"$content.Image1.text\" />\n	#end\n\n	$content.Body.text\n\n	#if ( $content.Image2.getImagePath(\"2\")!=\"\" )\n	<img src=\"$content.Image2.getImagePath(\"2\")\" alt=\"$content.Image2.text\" />\n	#end\n\n	#if ($content.Attach.size()>0)\n	<h3>$i18n.getLabel(\"ATTACHMENTS\")</h3>\n	<ul>\n	  #foreach ($item in $content.Attach )\n	  <li><a href=\"$item.attachPath\">$item.text</a></li>\n	  #end\n	</ul>\n	#end\n	#if ($content.Links.size()>0)\n	<h3>$i18n.getLabel(\"LINKS\")</h3>\n	<ul>\n	  #foreach ($item in $content.Links)\n	  <li><a href=\"$item.destination\">$item.text</a></li>\n	  #end\n	</ul>\n	#end\n</div>','contentmodels/NEW.css'),(3,'CNG','Complete def. (title, text, attach, links)','<div class=\"news-2\">\n	<h2>$content.Title.text</h2>\n\n	#if ( $content.Image1.getImagePath(\"3\")!=\"\" )\n	<img src=\"$content.Image1.getImagePath(\"3\")\" alt=\"$content.Image1.text\" />\n	#end\n\n	$content.Body.text\n\n	#if ( $content.Image2.getImagePath(\"2\")!=\"\" )\n	<img src=\"$content.Image2.getImagePath(\"2\")\" alt=\"$content.Image2.text\" />\n	#end\n\n	#if ($content.Attach.size()>0)\n	<h3>$i18n.getLabel(\"ATTACHMENTS\")</h3>\n	<ul>\n	  #foreach ($item in $content.Attach )\n	  <li><a href=\"$item.attachPath\">$item.text</a></li>\n	  #end\n	</ul>\n	#end\n	#if ($content.Links.size()>0)\n	<h3>$i18n.getLabel(\"LINKS\")</h3>\n	<ul>\n	  #foreach ($item in $content.Links)\n	  <li><a href=\"$item.destination\">$item.text</a></li>\n	  #end\n	</ul>\n	#end\n</div>',NULL),(4,'DWN','Complete def. (title, abstract,file)','<h2>$content.Title.text</h2>\n	<p>$content.Abstract.text</p>\n	<p><a href=\"$content.File.attachPath\">$content.Title.text</a></p>\n','contentmodels/generic.css'),(5,'YTB','Complete def. (title, video, text, attach, links)','<div class=\"ytb-5\">\n	<h2>$content.Title.text</h2>\n\n	<div class=\"video\">\n		<iframe width=\"640\" height=\"360\" src=\"http://www.youtube.com/embed/$content.VideoCode.text?wmode=transparent\"\" frameborder=\"0\" allowfullscreen></iframe>\n	</div>\n\n	$content.Body.text\n\n	#if ($content.Attach.size()>0)\n	<h3>$i18n.getLabel(\"ATTACHMENTS\")</h3>\n	<ul>\n	  #foreach ($item in $content.Attach )\n	  <li><a href=\"$item.attachPath\">$item.text</a></li>\n	  #end\n	</ul>\n	#end\n	#if ($content.Links.size()>0)\n	<h3>$i18n.getLabel(\"LINKS\")</h3>\n	<ul>\n	  #foreach ($item in $content.Links)\n	  <li><a href=\"$item.destination\">$item.text</a></li>\n	  #end\n	</ul>\n	#end\n</div>',NULL),(11,'TST','for List','<a href=\"$content.getContentLink()\">$content.Title.text</a>',NULL),(21,'NEW','for lists','<div class=\"new-21\">\n	<h3><a href=\"$content.contentLink\">$content.Title.text</a></h3>\n	<p>$content.Date.shortDate</p>\n	<p>\n		$content.Abstract.text\n	</p>\n</div>','contentmodels/NEW.css'),(22,'NEW','for Archive - style 1','<div class=\"news\"> \n#if ($content.Image1.imagePath(\"2\") != \"\")\n<img src=\"$content.Image1.imagePath(\"2\")\" alt=\"$content.Image1.text\" class=\"left\" />\n#end\n\n<div class=\"box\">\n  <h3>$content.Title.text</h3>\n  <p>$content.Date.getFormattedDate(\"dd/MM/yyyy\")</p>\n  <p>$content.Abstract.text</p>\n  <p class=\"alignRight\"><a href=\"$content.contentLink\">Read More &raquo;</a></p>\n  </div>\n\n</div>','contentmodels/NEW.css'),(23,'NEW','for Archive - style 2','<div class=\"news\">\n  <p>$content.Date.getFormattedDate(\"dd/MM/yyyy\")</p>\n  <h3>$content.Title.text</h3>\n  <p>$content.Abstract.text</p>\n  <p class=\"alignRight\"><a href=\"$content.contentLink\">Read More &raquo;</a></p>\n</div>','contentmodels/NEW.css'),(24,'NEW','for Archive - style 3','<div class=\"news_2images clear\">\n<div class=\"box_2images\">\n#if ($content.Image1.imagePath(\"1\") != \"\")\n<img src=\"$content.Image1.imagePath(\"1\")\" alt=\"$content.Image1.text\" />\n#end\n#if ($content.Image2.imagePath(\"1\") != \"\")\n<img src=\"$content.Image2.imagePath(\"1\")\" alt=\"$content.Image2.text\" />\n#end\n</div>\n\n<div class=\"box\">\n  <h3>$content.Title.text</h3>\n  <p class=\"alignRight\">$content.Date.getFormattedDate(\"dd/MM/yyyy\")</p>\n  <p>$content.Abstract.text</p>\n  <p class=\"alignRight\"><a href=\"$content.contentLink\">Read More &raquo;</a></p>\n</div>\n\n</div>','contentmodels/NEW.css'),(25,'NEW','for List - Mobile','<a href=\"$content.contentLink\">$content.Title.text</a>','contentmodels/NEW.css'),(26,'NEW','per widget','<div class=\"news\">\n	#if ( $content.Image1.getImagePath(\"1\")!=\"\" )\n	<img src=\"$content.Image1.getImagePath(\"1\")\" alt=\"$content.Image1.text\"  class=\"left\"/>\n	#end\n	<h3><a href=\"$content.contentLink\">$content.Title.text</a></h3>\n<p class=\"share-buttons shares$content.id\">\n	<!-- twitter share -->\n	<a href=\"http://twitter.com/share\"\n		class=\"twitter-share-button\"\n		data-url=\"$content.contentLink\"\n		data-text=\"$content.Title.text\"\n		data-count=\"none\"\n		data-lang=\"it\">\n			$i18n.getLabel(\"TWEET\")</a>\n	<!-- twitter share end -->\n	<!-- fb start-->\n	<span id=\"fb-root-$content.id\"></span>\n	<script src=\"http://connect.facebook.net/it_IT/all.js#xfbml=$content.id\"></script>\n	<fb:like href=\"$content.contentLink\" send=\"false\" layout=\"button_count\" width=\"120\" show_faces=\"false\" font=\"arial\"></fb:like>\n	<!-- fb end -->\n</p>\n\n</div>\n\n','contentmodels/NEW.css'),(27,'NEW','per widget with fast edit','<div class=\"news\">\n	#if ( $content.Image1.getImagePath(\"1\")!=\"\" )\n	<img src=\"$content.Image1.getImagePath(\"1\")\" alt=\"$content.Image1.text\"  class=\"left\"/>\n	#end\n	<h3><a href=\"$content.contentLink\">$content.Title.text</a></h3>\n<p class=\"share-buttons shares$content.id\">\n	<!-- twitter share -->\n	<a href=\"http://twitter.com/share\"\n		class=\"twitter-share-button\"\n		data-url=\"$content.contentLink\"\n		data-text=\"$content.Title.text\"\n		data-count=\"none\"\n		data-lang=\"it\">\n			$i18n.getLabel(\"TWEET\")</a>\n	<!-- twitter share end -->\n	<!-- fb start-->\n	<span id=\"fb-root-$content.id\"></span>\n	<script src=\"http://connect.facebook.net/it_IT/all.js#xfbml=$content.id\"></script>\n	<fb:like href=\"$content.contentLink\" send=\"false\" layout=\"button_count\" width=\"120\" show_faces=\"false\" font=\"arial\"></fb:like>\n	<!-- fb end -->\n</p>\n#if ($content.isUserAllowed(\"editContents\"))\n<!-- modal popup start-->\n<p class=\"vai\">\n<a id=\"options_anchor_$content.getId()\" href=\"javascript:void(0)\">$i18n.getLabel(\"EDIT_CONTENT\")</a>\n<script type=\'text/javascript\'>\njQuery(document).ready(function () { \njQuery.struts2_jquery.bind(jQuery(\'#options_anchor_$content.getId()\'),{\n\"opendialog\": \"widgetDialog\",\n\"jqueryaction\": \"anchor\",\n\"id\": \"anchor_config_$content.getId()\",\n  \"href\": \"$content.getConfigParameter(\"applicationBaseURL\")do/jpcmsshortcut/intro?request_locale=$content.getLangCode()&langCode=$content.getLangCode()&contentId=$content.getId()&attributeName=Title&attributeName=Abstract\",\n\"button\": false\n});\n });  \n</script>\n</p>\n<!-- modal popup end -->\n#if ($content.isUserAllowed(\"enterBackend\"))\n<p class=\"vai\">\n<a href=\"$content.getConfigParameter(\"applicationBaseURL\")do/jacms/Content/edit.action?request_locale=$content.getLangCode()&contentId=$content.getId()\">$i18n.getLabel(\"EDIT_CONTENT_BACKOFFICE\")</a>\n</p>\n#end\n#end\n</div>','contentmodels/NEW.css'),(31,'CNG','for Lists','<a href=\"$content.getContentLink()\">$content.Title.text</a>',NULL),(32,'CNG','for widget - documents','<div class=\"widget_doc\">\n	#if ($content.Attach.size()>0)\n	<ul>\n	  #foreach ($item in $content.Attach )\n	  <li><a href=\"$item.attachPath\">$item.text</a></li>\n	  #end\n	</ul>\n	#end\n</div>','contentmodels/generic.css'),(33,'CNG','for widget - mobile','<div class=\"news\">\n	#if ( $content.Image1.getImagePath(\"2\")!=\"\" )\n	<img src=\"$content.Image1.getImagePath(\"2\")\" alt=\"$content.Image1.text\" class=\"left\"/>\n	#end\n\n	#if ($content.Links.size()>0)\n  	<ul>\n	  #foreach ($item in $content.Links)\n	  <li><a href=\"$item.destination\">$item.text</a></li>\n	  #end\n	</ul>\n	#end\n</div>','contentmodels/generic.css'),(34,'CNG','for widget (title,image,abstract)','<div class=\"widget\">\n<h3><a href=\"$content.getContentLink()\">$content.Title.text</a></h3>\n#if ( $content.Image1.getImagePath(\"2\")!=\"\" )\n<img src=\"$content.Image1.getImagePath(\"2\")\" alt=\"$content.Image1.text\" class=\"left\" />\n#end\n<p>$content.Abstract.text</p>\n</div>\n#if ($content.isUserAllowed(\"editContents\"))\n<!-- modal popup start-->\n<p class=\"vai\">\n<a id=\"options_anchor_$content.getId()\" href=\"javascript:void(0)\">$i18n.getLabel(\"EDIT_CONTENT\")</a>\n<script type=\'text/javascript\'>\njQuery(document).ready(function () { \njQuery.struts2_jquery.bind(jQuery(\'#options_anchor_$content.getId()\'),{\n\"opendialog\": \"widgetDialog\",\n\"jqueryaction\": \"anchor\",\n\"id\": \"anchor_config_$content.getId()\",\n\"href\": \"$content.getConfigParameter(\"applicationBaseURL\")do/jpcmsshortcut/intro?langCode=$content.getLangCode()&contentId=$content.getId()&attributeName=Title&attributeName=Abstract\",\n\"button\": false\n});\n });  \n</script>\n</p>\n<!-- modal popup end -->\n#if ($content.isUserAllowed(\"enterBackend\"))\n<p class=\"vai\">\n  <a href=\"$content.getConfigParameter(\"applicationBaseURL\")do/jacms/Content/edit.action?request_locale=$content.getLangCode()&contentId=$content.getId()\">$i18n.getLabel(\"EDIT_CONTENT_BACKOFFICE\")</a>\n</p>\n#end\n#end','contentmodels/generic.css'),(35,'CNG','footer links','<div class=\"footer-column\">\n<h2 class=\"title\">$content.Title.text</h2>\n<ul>\n#foreach ($item in $content.Links)\n<li><a href=\"$item.destination\">$item.text</a></li>\n#end\n</ul>\n</div>',NULL),(41,'DWN','for Lists','<a href=\"$content.getContentLink()\">$content.Title.text</a>','contentmodels/generic.css'),(42,'DWN','for widget','<div class=\"widget_doc\">\n	<a href=\"$content.File.attachPath\" title=\"$i18n.getLabel(\"DOWNLOAD\")\">$content.Title.text</a>\n</div>','contentmodels/generic.css'),(51,'YTB','for Lists (title)','<p><a href=\"$content.getContentLink()\">$content.Title.text</a></p>',NULL),(52,'YTB','for widget (title, video, descr)','<div class=\"widget\">\n<div class=\"video\">\n	<iframe width=\"290\" height=\"177\" src=\"http://www.youtube.com/embed/$content.VideoCode.text?wmode=transparent\"\" frameborder=\"0\" allowfullscreen></iframe>\n</div>\n</div>\n#if ($content.isUserAllowed(\"editContents\"))\n<!-- modal popup start-->\n<p class=\"vai\">\n<a id=\"options_anchor_$content.getId()\" href=\"javascript:void(0)\">$i18n.getLabel(\"EDIT_CONTENT\")</a>\n<script type=\'text/javascript\'>\njQuery(document).ready(function () { \njQuery.struts2_jquery.bind(jQuery(\'#options_anchor_$content.getId()\'),{\n\"opendialog\": \"widgetDialog\",\n\"jqueryaction\": \"anchor\",\n\"id\": \"anchor_config_$content.getId()\",\n\"href\": \"$content.getConfigParameter(\"applicationBaseURL\")do/jpcmsshortcut/intro?contentId=$content.getId()&attributeName=VideoCode&attributeName=Title\",\n\"button\": false\n});\n });  \n</script>\n</p>\n<!-- modal popup end -->\n#end',NULL),(53,'YTB','preview','<div class=\"video video53\">\n  <iframe width=\"290\" height=\"177\" src=\"http://www.youtube.com/embed/$content.VideoCode.text?wmode=transparent\"\" frameborder=\"0\" allowfullscreen></iframe>\n  <div class=\"right\">\n	<h3><a href=\"$content.contentLink\">$content.Title.text</a></h3>\n      <p>\n      $content.Abstract.text\n      </p>\n      \n  </div>\n</div>','contentmodels/YTB.css');
/*!40000 ALTER TABLE `contentmodels` ENABLE KEYS */;
UNLOCK TABLES;

--
-- Table structure for table `contentrelations`
--

DROP TABLE IF EXISTS `contentrelations`;
/*!40101 SET @saved_cs_client     = @@character_set_client */;
/*!40101 SET character_set_client = utf8 */;
CREATE TABLE `contentrelations` (
  `contentid` varchar(16) NOT NULL,
  `refpage` varchar(30) DEFAULT NULL,
  `refcontent` varchar(16) DEFAULT NULL,
  `refresource` varchar(16) DEFAULT NULL,
  `refcategory` varchar(30) DEFAULT NULL,
  `refgroup` varchar(20) DEFAULT NULL,
  KEY `contentrelations_contentid_fkey` (`contentid`),
  KEY `contentrelations_refcategory_fkey` (`refcategory`),
  KEY `contentrelations_refcontent_fkey` (`refcontent`),
  KEY `contentrelations_refpage_fkey` (`refpage`),
  KEY `contentrelations_refresource_fkey` (`refresource`),
  CONSTRAINT `contentrelations_contentid_fkey` FOREIGN KEY (`contentid`) REFERENCES `contents` (`contentid`) ON DELETE NO ACTION ON UPDATE NO ACTION,
  CONSTRAINT `contentrelations_refcategory_fkey` FOREIGN KEY (`refcategory`) REFERENCES `categories` (`catcode`) ON DELETE NO ACTION ON UPDATE NO ACTION,
  CONSTRAINT `contentrelations_refcontent_fkey` FOREIGN KEY (`refcontent`) REFERENCES `contents` (`contentid`) ON DELETE NO ACTION ON UPDATE NO ACTION,
  CONSTRAINT `contentrelations_refpage_fkey` FOREIGN KEY (`refpage`) REFERENCES `pages` (`code`) ON DELETE NO ACTION ON UPDATE NO ACTION,
  CONSTRAINT `contentrelations_refresource_fkey` FOREIGN KEY (`refresource`) REFERENCES `resources` (`resid`) ON DELETE NO ACTION ON UPDATE NO ACTION
) ENGINE=InnoDB DEFAULT CHARSET=utf8;
/*!40101 SET character_set_client = @saved_cs_client */;

--
-- Dumping data for table `contentrelations`
--

LOCK TABLES `contentrelations` WRITE;
/*!40000 ALTER TABLE `contentrelations` DISABLE KEYS */;
INSERT INTO `contentrelations` VALUES ('NEW12',NULL,NULL,NULL,NULL,'free'),('NEW12',NULL,NULL,NULL,NULL,'administrators'),('NEW12',NULL,NULL,'13',NULL,NULL),('NEW12',NULL,NULL,'28',NULL,NULL),('NEW17',NULL,NULL,NULL,NULL,'free'),('NEW17',NULL,NULL,'28',NULL,NULL),('TST2',NULL,NULL,NULL,NULL,'free'),('TST4',NULL,NULL,NULL,NULL,'free'),('TST3',NULL,NULL,NULL,NULL,'free'),('NEW15',NULL,NULL,NULL,'events',NULL),('NEW15',NULL,NULL,NULL,NULL,'free'),('NEW15',NULL,NULL,'14',NULL,NULL),('NEW15',NULL,NULL,'29',NULL,NULL),('NEW11',NULL,NULL,NULL,'events',NULL),('NEW11',NULL,NULL,NULL,NULL,'free'),('NEW11',NULL,NULL,'16',NULL,NULL),('NEW11',NULL,NULL,'25',NULL,NULL),('NEW33',NULL,NULL,NULL,NULL,'administrators'),('NEW33',NULL,NULL,'32',NULL,NULL),('NEW21',NULL,NULL,NULL,NULL,'intranet'),('NEW21',NULL,NULL,NULL,NULL,'administrators'),('NEW21',NULL,NULL,'20',NULL,NULL),('NEW22',NULL,NULL,NULL,NULL,'intranet'),('NEW22',NULL,NULL,NULL,NULL,'administrators'),('NEW22',NULL,NULL,'10',NULL,NULL),('NEW22',NULL,NULL,'24',NULL,NULL),('NEW30',NULL,NULL,NULL,NULL,'administrators'),('NEW30',NULL,NULL,NULL,NULL,'customers'),('NEW30',NULL,NULL,'31',NULL,NULL),('NEW19',NULL,NULL,NULL,NULL,'free'),('NEW19',NULL,NULL,'18',NULL,NULL),('NEW19',NULL,NULL,'26',NULL,NULL),('CNG45',NULL,NULL,NULL,NULL,'free'),('CNG45',NULL,NULL,'54',NULL,NULL),('CNG56',NULL,NULL,NULL,NULL,'free'),('CNG56',NULL,NULL,'57',NULL,NULL),('CNG55',NULL,NULL,NULL,NULL,'free'),('YTB58',NULL,NULL,NULL,NULL,'free'),('DWN49',NULL,NULL,NULL,NULL,'intranet'),('DWN49',NULL,NULL,NULL,NULL,'administrators'),('DWN49',NULL,NULL,'48',NULL,NULL),('DWN47',NULL,NULL,NULL,NULL,'administrators'),('DWN47',NULL,NULL,NULL,NULL,'customers'),('DWN47',NULL,NULL,'46',NULL,NULL),('DWN38',NULL,NULL,NULL,NULL,'free'),('DWN38',NULL,NULL,NULL,NULL,'administrators'),('DWN38',NULL,NULL,'37',NULL,NULL),('DWN44',NULL,NULL,NULL,NULL,'intranet'),('DWN44',NULL,NULL,NULL,NULL,'administrators'),('DWN44',NULL,NULL,'43',NULL,NULL),('DWN51',NULL,NULL,NULL,NULL,'administrators'),('DWN51',NULL,NULL,NULL,NULL,'customers'),('DWN51',NULL,NULL,'50',NULL,NULL),('DWN53',NULL,NULL,NULL,NULL,'free'),('DWN53',NULL,NULL,NULL,NULL,'administrators'),('DWN53',NULL,NULL,'52',NULL,NULL),('DWN40',NULL,NULL,NULL,NULL,'free'),('DWN40',NULL,NULL,NULL,NULL,'administrators'),('DWN40',NULL,NULL,'39',NULL,NULL),('CNG59',NULL,NULL,NULL,NULL,'free');
/*!40000 ALTER TABLE `contentrelations` ENABLE KEYS */;
UNLOCK TABLES;

--
-- Table structure for table `contents`
--

DROP TABLE IF EXISTS `contents`;
/*!40101 SET @saved_cs_client     = @@character_set_client */;
/*!40101 SET character_set_client = utf8 */;
CREATE TABLE `contents` (
  `contentid` varchar(16) NOT NULL,
  `contenttype` varchar(30) NOT NULL,
  `descr` varchar(260) NOT NULL,
  `status` varchar(12) NOT NULL,
  `workxml` longtext NOT NULL,
  `created` varchar(20) DEFAULT NULL,
  `lastmodified` varchar(20) DEFAULT NULL,
  `onlinexml` longtext,
  `maingroup` varchar(20) NOT NULL,
  `currentversion` varchar(7) NOT NULL,
  `lasteditor` varchar(40) DEFAULT NULL,
  PRIMARY KEY (`contentid`)
) ENGINE=InnoDB DEFAULT CHARSET=utf8;
/*!40101 SET character_set_client = @saved_cs_client */;

--
-- Dumping data for table `contents`
--

LOCK TABLES `contents` WRITE;
/*!40000 ALTER TABLE `contents` DISABLE KEYS */;
INSERT INTO `contents` VALUES ('CNG45','CNG','for widget - My Entando APP','PUBLIC','<?xml version=\"1.0\" encoding=\"UTF-8\"?>\n<content id=\"CNG45\" typecode=\"CNG\" typedescr=\"Generic Content\"><descr>for widget - My Entando APP</descr><groups mainGroup=\"free\" /><categories /><attributes><attribute name=\"Title\" attributetype=\"Text\"><text lang=\"it\">APP My Entando</text><text lang=\"en\">My Entando APP</text></attribute><attribute name=\"Abstract\" attributetype=\"Longtext\"><text lang=\"it\">Un cruscotto configurabile che consente agli utenti di accedere da dispositivi Tablet e smartphone alle informazioni e ai servizi di un portale realizzato con la piattaforma Entando.&#xD;\nLa APP My Entando consente all\'utente di creare il proprio desktop in maniera flessibile e dinamica.</text><text lang=\"en\">A configurable dashboard that allows users to access from Smartphones and Tablet to information and services of a portal built on Entando platform.\nMy Entando APP allows user to create a customized desktop in a flexible and dynamic way.</text></attribute><attribute name=\"Body\" attributetype=\"Hypertext\"><hypertext lang=\"it\"><![CDATA[<p>La APP My Entando consente all\'utente di <strong>creare</strong> il <strong>proprio desktop</strong> in maniera <strong>flessibile</strong> e <strong>dinamica</strong>.</p>\n<p>Un <strong>cruscotto configurabile</strong> che consente agli utenti di accedere da dispositivi <strong>Tablet</strong> e <strong>smartphone</strong> alle informazioni e ai servizi di un portale realizzato con la piattaforma Entando.</p>\n<p>MyEntando offre un modo <strong>semplice</strong> e <strong>innovativo</strong> per <strong>divulgare</strong> in maniera automatica <strong>informazioni</strong>, <strong>dati</strong> e <strong>servizi</strong> di un portale attraverso un interfaccia grafica e un layout specifico per dispositivi tablet e smartphone.</p>]]></hypertext><hypertext lang=\"en\"><![CDATA[<p>My Entando APP <strong>allows</strong> <strong>user</strong> to <strong>create</strong> a <strong>customized</strong> <strong>desktop</strong> in a flexible and dynamic way.</p>\n<p>A <strong>configurable dashboard</strong> that enables users to <strong>access</strong> from Smartphones and Tablet to <strong>information</strong> and <strong>services</strong> of a portal built on Entando platform.</p>\n<p>My Entando offers an easy and innovative way to automatically disclose information, data and services of a portal through a graphical interface and a specific layout for tablet devices and smartphones.</p>]]></hypertext></attribute><attribute name=\"Image1\" attributetype=\"Image\"><resource resourcetype=\"Image\" id=\"54\" lang=\"en\" /><text lang=\"it\">APP My Entando</text><text lang=\"en\">My Entando APP</text></attribute><attribute name=\"Image2\" attributetype=\"Image\" /><list attributetype=\"Monolist\" name=\"Attach\" nestedtype=\"Attach\" /><list attributetype=\"Monolist\" name=\"Links\" nestedtype=\"Link\" /></attributes><status>PUBLIC</status><version>17.0</version><lastEditor>jeff</lastEditor><created>20110926155919</created><lastModified>20111118163137</lastModified></content>\n','20110926155919','20111118163137','<?xml version=\"1.0\" encoding=\"UTF-8\"?>\n<content id=\"CNG45\" typecode=\"CNG\" typedescr=\"Generic Content\"><descr>for widget - My Entando APP</descr><groups mainGroup=\"free\" /><categories /><attributes><attribute name=\"Title\" attributetype=\"Text\"><text lang=\"it\">APP My Entando</text><text lang=\"en\">My Entando APP</text></attribute><attribute name=\"Abstract\" attributetype=\"Longtext\"><text lang=\"it\">Un cruscotto configurabile che consente agli utenti di accedere da dispositivi Tablet e smartphone alle informazioni e ai servizi di un portale realizzato con la piattaforma Entando.&#xD;\nLa APP My Entando consente all\'utente di creare il proprio desktop in maniera flessibile e dinamica.</text><text lang=\"en\">A configurable dashboard that allows users to access from Smartphones and Tablet to information and services of a portal built on Entando platform.\nMy Entando APP allows user to create a customized desktop in a flexible and dynamic way.</text></attribute><attribute name=\"Body\" attributetype=\"Hypertext\"><hypertext lang=\"it\"><![CDATA[<p>La APP My Entando consente all\'utente di <strong>creare</strong> il <strong>proprio desktop</strong> in maniera <strong>flessibile</strong> e <strong>dinamica</strong>.</p>\n<p>Un <strong>cruscotto configurabile</strong> che consente agli utenti di accedere da dispositivi <strong>Tablet</strong> e <strong>smartphone</strong> alle informazioni e ai servizi di un portale realizzato con la piattaforma Entando.</p>\n<p>MyEntando offre un modo <strong>semplice</strong> e <strong>innovativo</strong> per <strong>divulgare</strong> in maniera automatica <strong>informazioni</strong>, <strong>dati</strong> e <strong>servizi</strong> di un portale attraverso un interfaccia grafica e un layout specifico per dispositivi tablet e smartphone.</p>]]></hypertext><hypertext lang=\"en\"><![CDATA[<p>My Entando APP <strong>allows</strong> <strong>user</strong> to <strong>create</strong> a <strong>customized</strong> <strong>desktop</strong> in a flexible and dynamic way.</p>\n<p>A <strong>configurable dashboard</strong> that enables users to <strong>access</strong> from Smartphones and Tablet to <strong>information</strong> and <strong>services</strong> of a portal built on Entando platform.</p>\n<p>My Entando offers an easy and innovative way to automatically disclose information, data and services of a portal through a graphical interface and a specific layout for tablet devices and smartphones.</p>]]></hypertext></attribute><attribute name=\"Image1\" attributetype=\"Image\"><resource resourcetype=\"Image\" id=\"54\" lang=\"en\" /><text lang=\"it\">APP My Entando</text><text lang=\"en\">My Entando APP</text></attribute><attribute name=\"Image2\" attributetype=\"Image\" /><list attributetype=\"Monolist\" name=\"Attach\" nestedtype=\"Attach\" /><list attributetype=\"Monolist\" name=\"Links\" nestedtype=\"Link\" /></attributes><status>PUBLIC</status><version>17.0</version><lastEditor>jeff</lastEditor><created>20110926155919</created><lastModified>20111118163137</lastModified></content>\n','free','17.0','jeff'),('CNG55','CNG','Useful Links','PUBLIC','<?xml version=\"1.0\" encoding=\"UTF-8\"?>\n<content id=\"CNG55\" typecode=\"CNG\" typedescr=\"Contenuto Generico\"><descr>Useful Links</descr><groups mainGroup=\"free\" /><categories /><attributes><attribute name=\"Title\" attributetype=\"Text\"><text lang=\"it\">Collegamenti utili</text><text lang=\"en\">Some useful links</text></attribute><attribute name=\"Abstract\" attributetype=\"Longtext\" /><attribute name=\"Body\" attributetype=\"Hypertext\"><hypertext lang=\"it\"><![CDATA[<ul>\n    <li><a href=\"http://www.entando.com/\">Entando Portal</a></li>\n    <li><a href=\"http://www.tzente.com/\">Tzente S.r.l.</a></li>\n    <li><a href=\"http://sf.net/projects/japs/\">Entando @ Sourceforge</a></li>\n    <li class=\"last\"><a href=\"http://japsway.blogspot.com/\">Entando dev-blog</a></li>\n    <li class=\"last\"><a href=\"#!U;http://dev.japsportal.org/trac/!#\">Entando Developer Website</a></li>\n</ul>]]></hypertext><hypertext lang=\"en\"><![CDATA[<ul>\n    <li><a href=\"http://www.entando.com/\">Entando Portal</a></li>\n    <li><a href=\"http://www.tzente.com/\">Tzente S.r.l.</a></li>\n    <li><a href=\"http://sf.net/projects/japs/\">Entando @ Sourceforge</a></li>\n    <li class=\"last\"><a href=\"http://japsway.blogspot.com/\">Entando dev-blog</a></li>\n    <li class=\"last\"><a href=\"#!U;http://dev.japsportal.org/trac/!#\">Entando Developer Website</a></li>\n</ul>]]></hypertext></attribute><attribute name=\"Image1\" attributetype=\"Image\" /><attribute name=\"Image2\" attributetype=\"Image\" /><list attributetype=\"Monolist\" name=\"Attach\" nestedtype=\"Attach\" /><list attributetype=\"Monolist\" name=\"Links\" nestedtype=\"Link\" /></attributes><status>PUBLIC</status><version>1.0</version><lastEditor>jeff</lastEditor><created>20110926192903</created><lastModified>20110926192903</lastModified></content>\n','20110926192903','20110926192903','<?xml version=\"1.0\" encoding=\"UTF-8\"?>\n<content id=\"CNG55\" typecode=\"CNG\" typedescr=\"Contenuto Generico\"><descr>Useful Links</descr><groups mainGroup=\"free\" /><categories /><attributes><attribute name=\"Title\" attributetype=\"Text\"><text lang=\"it\">Collegamenti utili</text><text lang=\"en\">Some useful links</text></attribute><attribute name=\"Abstract\" attributetype=\"Longtext\" /><attribute name=\"Body\" attributetype=\"Hypertext\"><hypertext lang=\"it\"><![CDATA[<ul>\n    <li><a href=\"http://www.entando.com/\">Entando Portal</a></li>\n    <li><a href=\"http://www.tzente.com/\">Tzente S.r.l.</a></li>\n    <li><a href=\"http://sf.net/projects/japs/\">Entando @ Sourceforge</a></li>\n    <li class=\"last\"><a href=\"http://japsway.blogspot.com/\">Entando dev-blog</a></li>\n    <li class=\"last\"><a href=\"#!U;http://dev.japsportal.org/trac/!#\">Entando Developer Website</a></li>\n</ul>]]></hypertext><hypertext lang=\"en\"><![CDATA[<ul>\n    <li><a href=\"http://www.entando.com/\">Entando Portal</a></li>\n    <li><a href=\"http://www.tzente.com/\">Tzente S.r.l.</a></li>\n    <li><a href=\"http://sf.net/projects/japs/\">Entando @ Sourceforge</a></li>\n    <li class=\"last\"><a href=\"http://japsway.blogspot.com/\">Entando dev-blog</a></li>\n    <li class=\"last\"><a href=\"#!U;http://dev.japsportal.org/trac/!#\">Entando Developer Website</a></li>\n</ul>]]></hypertext></attribute><attribute name=\"Image1\" attributetype=\"Image\" /><attribute name=\"Image2\" attributetype=\"Image\" /><list attributetype=\"Monolist\" name=\"Attach\" nestedtype=\"Attach\" /><list attributetype=\"Monolist\" name=\"Links\" nestedtype=\"Link\" /></attributes><status>PUBLIC</status><version>1.0</version><lastEditor>jeff</lastEditor><created>20110926192903</created><lastModified>20110926192903</lastModified></content>\n','free','1.0','jeff'),('CNG56','CNG','Welcome to Entando Portal Demo','PUBLIC','<?xml version=\"1.0\" encoding=\"UTF-8\"?>\n<content id=\"CNG56\" typecode=\"CNG\" typedescr=\"Contenuto Generico\"><descr>Welcome to Entando Portal Demo</descr><groups mainGroup=\"free\" /><categories /><attributes><attribute name=\"Title\" attributetype=\"Text\"><text lang=\"it\">Benvenuto in Entando Portal Demo</text><text lang=\"en\">Welcome to Entando Portal Demo</text></attribute><attribute name=\"Abstract\" attributetype=\"Longtext\"><text lang=\"it\">Entando è una moderna piattaforma Portal open source che abilita una organizzazione ai nuovi modelli di interazione del web 2.0.</text><text lang=\"en\">Entando is an agile, modern and user centric open source Portal platform that enables an organization to the web 2.0 world.</text></attribute><attribute name=\"Body\" attributetype=\"Hypertext\"><hypertext lang=\"it\"><![CDATA[<p>Entando &egrave; una moderna<strong> piattaforma Portal open source</strong> che abilita una organizzazione ai <strong>nuovi modelli di</strong> <strong>interazione del web 2.0</strong>.</p>\n<p>Entando &egrave; una piattaforma web open source che combina<strong> in un\'unica soluzione</strong> le funzionalit&agrave; degli <strong>Enterprise Portal</strong>, dei <strong>content management</strong> e dei <strong>framework applicativi</strong>.</p>\n<p>Entando &egrave; uno strumento adatto per sviluppatori e aziende IT che desiderano avere il pieno controllo di una piattaforma web dotata di moduli  software, funzionalit&agrave; e strumenti di gestione che facilitano le personalizzazioni, aumentano la velocit&agrave; di sviluppo e consentono una forte personalizzazione.</p>\n<p>Dal punto vista dell\'organizzazione che intende affidare la realizzazione ad un azienda IT, &egrave; un prodotto che consente di ottenere un risultato finale rispondente alle esigenze, facilmente evolvibile per adeguarlo al proprio business. E\' un prodotto orientato al <strong>web 2.0</strong>, al <strong>social</strong>, agli <strong>analytics</strong>, e agli <strong>standard internazionali</strong> e alla <strong>multicanalit&agrave;</strong>.</p>\n<p>Dal punto di vista degli utilizzatori, &egrave; uno strumento che non richiede professionalit&agrave; tecnica per la gestione quotidiana del portale <strong>internet</strong>, <strong>intranet</strong> o <strong>extranet</strong>.</p>]]></hypertext><hypertext lang=\"en\"><![CDATA[<p>Entando is an <strong>agile</strong>, <strong>modern</strong> and <strong>user centric open source Portal platform</strong> that enables an organization to the web 2.0 world.</p>\n<p>Entando is a web platform that combines <strong>enterprise</strong> <strong>portal</strong>,<strong> content management</strong> and <strong>framework</strong> capabilities in a <strong>all-in-one platform</strong>.</p>\n<p>It can help <strong>companies</strong> and <strong>governments</strong> to improve organizational effectiveness by <strong>facilitating</strong> <strong>information</strong> <strong>sharing</strong>, <strong>participation</strong> and <strong>collaboration</strong> in web 2.0 era.</p>\n<p>Entando also <strong>provides</strong> developers and IT companies with components, tools and<strong> best practices</strong> for platform <strong>extensibility</strong>, <strong>system administration</strong> and <strong>interoperability</strong> that speed up work, reduce costs and allow easy customization.</p>\n<p>It the same time, it is a <strong>simple</strong> and <strong>useful tool</strong> for companies and organizations who want to self-manage their information.</p>]]></hypertext></attribute><attribute name=\"Image1\" attributetype=\"Image\"><resource resourcetype=\"Image\" id=\"57\" lang=\"en\" /><text lang=\"it\">Cosa è Entando</text><text lang=\"en\">What is Entando</text></attribute><attribute name=\"Image2\" attributetype=\"Image\" /><list attributetype=\"Monolist\" name=\"Attach\" nestedtype=\"Attach\" /><list attributetype=\"Monolist\" name=\"Links\" nestedtype=\"Link\" /></attributes><status>PUBLIC</status><version>2.0</version><lastEditor>jeff</lastEditor><created>20110926193524</created><lastModified>20110926193736</lastModified></content>\n','20110926193524','20110926193736','<?xml version=\"1.0\" encoding=\"UTF-8\"?>\n<content id=\"CNG56\" typecode=\"CNG\" typedescr=\"Contenuto Generico\"><descr>Welcome to Entando Portal Demo</descr><groups mainGroup=\"free\" /><categories /><attributes><attribute name=\"Title\" attributetype=\"Text\"><text lang=\"it\">Benvenuto in Entando Portal Demo</text><text lang=\"en\">Welcome to Entando Portal Demo</text></attribute><attribute name=\"Abstract\" attributetype=\"Longtext\"><text lang=\"it\">Entando è una moderna piattaforma Portal open source che abilita una organizzazione ai nuovi modelli di interazione del web 2.0.</text><text lang=\"en\">Entando is an agile, modern and user centric open source Portal platform that enables an organization to the web 2.0 world.</text></attribute><attribute name=\"Body\" attributetype=\"Hypertext\"><hypertext lang=\"it\"><![CDATA[<p>Entando &egrave; una moderna<strong> piattaforma Portal open source</strong> che abilita una organizzazione ai <strong>nuovi modelli di</strong> <strong>interazione del web 2.0</strong>.</p>\n<p>Entando &egrave; una piattaforma web open source che combina<strong> in un\'unica soluzione</strong> le funzionalit&agrave; degli <strong>Enterprise Portal</strong>, dei <strong>content management</strong> e dei <strong>framework applicativi</strong>.</p>\n<p>Entando &egrave; uno strumento adatto per sviluppatori e aziende IT che desiderano avere il pieno controllo di una piattaforma web dotata di moduli  software, funzionalit&agrave; e strumenti di gestione che facilitano le personalizzazioni, aumentano la velocit&agrave; di sviluppo e consentono una forte personalizzazione.</p>\n<p>Dal punto vista dell\'organizzazione che intende affidare la realizzazione ad un azienda IT, &egrave; un prodotto che consente di ottenere un risultato finale rispondente alle esigenze, facilmente evolvibile per adeguarlo al proprio business. E\' un prodotto orientato al <strong>web 2.0</strong>, al <strong>social</strong>, agli <strong>analytics</strong>, e agli <strong>standard internazionali</strong> e alla <strong>multicanalit&agrave;</strong>.</p>\n<p>Dal punto di vista degli utilizzatori, &egrave; uno strumento che non richiede professionalit&agrave; tecnica per la gestione quotidiana del portale <strong>internet</strong>, <strong>intranet</strong> o <strong>extranet</strong>.</p>]]></hypertext><hypertext lang=\"en\"><![CDATA[<p>Entando is an <strong>agile</strong>, <strong>modern</strong> and <strong>user centric open source Portal platform</strong> that enables an organization to the web 2.0 world.</p>\n<p>Entando is a web platform that combines <strong>enterprise</strong> <strong>portal</strong>,<strong> content management</strong> and <strong>framework</strong> capabilities in a <strong>all-in-one platform</strong>.</p>\n<p>It can help <strong>companies</strong> and <strong>governments</strong> to improve organizational effectiveness by <strong>facilitating</strong> <strong>information</strong> <strong>sharing</strong>, <strong>participation</strong> and <strong>collaboration</strong> in web 2.0 era.</p>\n<p>Entando also <strong>provides</strong> developers and IT companies with components, tools and<strong> best practices</strong> for platform <strong>extensibility</strong>, <strong>system administration</strong> and <strong>interoperability</strong> that speed up work, reduce costs and allow easy customization.</p>\n<p>It the same time, it is a <strong>simple</strong> and <strong>useful tool</strong> for companies and organizations who want to self-manage their information.</p>]]></hypertext></attribute><attribute name=\"Image1\" attributetype=\"Image\"><resource resourcetype=\"Image\" id=\"57\" lang=\"en\" /><text lang=\"it\">Cosa è Entando</text><text lang=\"en\">What is Entando</text></attribute><attribute name=\"Image2\" attributetype=\"Image\" /><list attributetype=\"Monolist\" name=\"Attach\" nestedtype=\"Attach\" /><list attributetype=\"Monolist\" name=\"Links\" nestedtype=\"Link\" /></attributes><status>PUBLIC</status><version>2.0</version><lastEditor>jeff</lastEditor><created>20110926193524</created><lastModified>20110926193736</lastModified></content>\n','free','2.0','jeff'),('CNG59','CNG','Entando Links','PUBLIC','<?xml version=\"1.0\" encoding=\"UTF-8\"?>\n<content id=\"CNG59\" typecode=\"CNG\" typedescr=\"Generic Content\"><descr>Entando Links</descr><groups mainGroup=\"free\" /><categories /><attributes><attribute name=\"Title\" attributetype=\"Text\"><text lang=\"en\">Entando</text></attribute><attribute name=\"Abstract\" attributetype=\"Longtext\" /><attribute name=\"Body\" attributetype=\"Hypertext\" /><attribute name=\"Image1\" attributetype=\"Image\" /><attribute name=\"Image2\" attributetype=\"Image\" /><list attributetype=\"Monolist\" name=\"Attach\" nestedtype=\"Attach\" /><list attributetype=\"Monolist\" name=\"Links\" nestedtype=\"Link\"><attribute name=\"Links\" attributetype=\"Link\"><link type=\"external\"><urldest>http://www.entando.com/</urldest></link><text lang=\"en\">Entando Portal</text></attribute><attribute name=\"Links\" attributetype=\"Link\"><link type=\"external\"><urldest>http://github.com/entando/</urldest></link><text lang=\"en\">Entando on GitHub</text></attribute><attribute name=\"Links\" attributetype=\"Link\"><link type=\"external\"><urldest>http://japsplatform.ideascale.com/</urldest></link><text lang=\"en\">Ideascale</text></attribute></list></attributes><status>PUBLIC</status><version>2.0</version><lastEditor>jeff</lastEditor><created>20111117112633</created><lastModified>20111207120206</lastModified></content>\n','20111117112633','20111207120206','<?xml version=\"1.0\" encoding=\"UTF-8\"?>\n<content id=\"CNG59\" typecode=\"CNG\" typedescr=\"Generic Content\"><descr>Entando Links</descr><groups mainGroup=\"free\" /><categories /><attributes><attribute name=\"Title\" attributetype=\"Text\"><text lang=\"en\">Entando</text></attribute><attribute name=\"Abstract\" attributetype=\"Longtext\" /><attribute name=\"Body\" attributetype=\"Hypertext\" /><attribute name=\"Image1\" attributetype=\"Image\" /><attribute name=\"Image2\" attributetype=\"Image\" /><list attributetype=\"Monolist\" name=\"Attach\" nestedtype=\"Attach\" /><list attributetype=\"Monolist\" name=\"Links\" nestedtype=\"Link\"><attribute name=\"Links\" attributetype=\"Link\"><link type=\"external\"><urldest>http://www.entando.com/</urldest></link><text lang=\"en\">Entando Portal</text></attribute><attribute name=\"Links\" attributetype=\"Link\"><link type=\"external\"><urldest>http://github.com/entando/</urldest></link><text lang=\"en\">Entando on GitHub</text></attribute><attribute name=\"Links\" attributetype=\"Link\"><link type=\"external\"><urldest>http://japsplatform.ideascale.com/</urldest></link><text lang=\"en\">Ideascale</text></attribute></list></attributes><status>PUBLIC</status><version>2.0</version><lastEditor>jeff</lastEditor><created>20111117112633</created><lastModified>20111207120206</lastModified></content>\n','free','2.0','jeff'),('DWN38','DWN','Entando System Requirements','PUBLIC','<?xml version=\"1.0\" encoding=\"UTF-8\"?>\n<content id=\"DWN38\" typecode=\"DWN\" typedescr=\"Scheda Download\"><descr>Entando System Requirements</descr><groups mainGroup=\"administrators\"><group name=\"free\" /></groups><categories /><attributes><attribute name=\"Title\" attributetype=\"Text\"><text lang=\"it\">Entando - Requisiti di sistema</text><text lang=\"en\">Entando System Requirements</text></attribute><attribute name=\"Abstract\" attributetype=\"Longtext\"><text lang=\"it\">Questo documento descrive i dettagli e le versioni dei software che sono compatibili con la piattaforma Entando.</text><text lang=\"en\">This document details hardware and software versions that are compatible with Entando Platform.</text></attribute><attribute name=\"File\" attributetype=\"Attach\"><resource resourcetype=\"Attach\" id=\"37\" lang=\"en\" /><text lang=\"it\">Entando - Requisiti di sistema</text><text lang=\"en\">Entando System Requirements</text></attribute></attributes><status>PUBLIC</status><version>2.0</version><lastEditor>jeff</lastEditor><created>20110926153251</created><lastModified>20110926154813</lastModified></content>\n','20110926153251','20110926154813','<?xml version=\"1.0\" encoding=\"UTF-8\"?>\n<content id=\"DWN38\" typecode=\"DWN\" typedescr=\"Scheda Download\"><descr>Entando System Requirements</descr><groups mainGroup=\"administrators\"><group name=\"free\" /></groups><categories /><attributes><attribute name=\"Title\" attributetype=\"Text\"><text lang=\"it\">Entando - Requisiti di sistema</text><text lang=\"en\">Entando System Requirements</text></attribute><attribute name=\"Abstract\" attributetype=\"Longtext\"><text lang=\"it\">Questo documento descrive i dettagli e le versioni dei software che sono compatibili con la piattaforma Entando.</text><text lang=\"en\">This document details hardware and software versions that are compatible with Entando Platform.</text></attribute><attribute name=\"File\" attributetype=\"Attach\"><resource resourcetype=\"Attach\" id=\"37\" lang=\"en\" /><text lang=\"it\">Entando - Requisiti di sistema</text><text lang=\"en\">Entando System Requirements</text></attribute></attributes><status>PUBLIC</status><version>2.0</version><lastEditor>jeff</lastEditor><created>20110926153251</created><lastModified>20110926154813</lastModified></content>\n','administrators','2.0','jeff'),('DWN40','DWN','Product Details','PUBLIC','<?xml version=\"1.0\" encoding=\"UTF-8\"?>\n<content id=\"DWN40\" typecode=\"DWN\" typedescr=\"Scheda Download\"><descr>Product Details</descr><groups mainGroup=\"administrators\"><group name=\"free\" /></groups><categories /><attributes><attribute name=\"Title\" attributetype=\"Text\"><text lang=\"it\">Scheda Prodotto</text><text lang=\"en\">Product Details</text></attribute><attribute name=\"Abstract\" attributetype=\"Longtext\"><text lang=\"it\">Questo documento descrive le caratteristiche del prodotto e i suoi benefici.</text><text lang=\"en\">This document describes the characteristics and benefits of the product.</text></attribute><attribute name=\"File\" attributetype=\"Attach\"><resource resourcetype=\"Attach\" id=\"39\" lang=\"en\" /><text lang=\"it\">Scheda Prodotto</text><text lang=\"en\">Product Card</text></attribute></attributes><status>PUBLIC</status><version>2.0</version><lastEditor>jeff</lastEditor><created>20110926154050</created><lastModified>20110926154829</lastModified></content>\n','20110926154050','20110926154829','<?xml version=\"1.0\" encoding=\"UTF-8\"?>\n<content id=\"DWN40\" typecode=\"DWN\" typedescr=\"Scheda Download\"><descr>Product Details</descr><groups mainGroup=\"administrators\"><group name=\"free\" /></groups><categories /><attributes><attribute name=\"Title\" attributetype=\"Text\"><text lang=\"it\">Scheda Prodotto</text><text lang=\"en\">Product Details</text></attribute><attribute name=\"Abstract\" attributetype=\"Longtext\"><text lang=\"it\">Questo documento descrive le caratteristiche del prodotto e i suoi benefici.</text><text lang=\"en\">This document describes the characteristics and benefits of the product.</text></attribute><attribute name=\"File\" attributetype=\"Attach\"><resource resourcetype=\"Attach\" id=\"39\" lang=\"en\" /><text lang=\"it\">Scheda Prodotto</text><text lang=\"en\">Product Card</text></attribute></attributes><status>PUBLIC</status><version>2.0</version><lastEditor>jeff</lastEditor><created>20110926154050</created><lastModified>20110926154829</lastModified></content>\n','administrators','2.0','jeff'),('DWN44','DWN','Business Plan','PUBLIC','<?xml version=\"1.0\" encoding=\"UTF-8\"?>\n<content id=\"DWN44\" typecode=\"DWN\" typedescr=\"Scheda Download\"><descr>Business Plan</descr><groups mainGroup=\"administrators\"><group name=\"intranet\" /></groups><categories /><attributes><attribute name=\"Title\" attributetype=\"Text\"><text lang=\"it\">Business Plan</text><text lang=\"en\">Business Plan</text></attribute><attribute name=\"Abstract\" attributetype=\"Longtext\"><text lang=\"it\">Questo documento descrive il Business Plan dell\'azienda.</text><text lang=\"en\">This document is about the Business Plan of the company</text></attribute><attribute name=\"File\" attributetype=\"Attach\"><resource resourcetype=\"Attach\" id=\"43\" lang=\"en\" /><text lang=\"it\">Business Plan</text><text lang=\"en\">Business Plan</text></attribute></attributes><status>PUBLIC</status><version>1.0</version><lastEditor>jeff</lastEditor><created>20110926155822</created><lastModified>20110926155822</lastModified></content>\n','20110926155822','20110926155822','<?xml version=\"1.0\" encoding=\"UTF-8\"?>\n<content id=\"DWN44\" typecode=\"DWN\" typedescr=\"Scheda Download\"><descr>Business Plan</descr><groups mainGroup=\"administrators\"><group name=\"intranet\" /></groups><categories /><attributes><attribute name=\"Title\" attributetype=\"Text\"><text lang=\"it\">Business Plan</text><text lang=\"en\">Business Plan</text></attribute><attribute name=\"Abstract\" attributetype=\"Longtext\"><text lang=\"it\">Questo documento descrive il Business Plan dell\'azienda.</text><text lang=\"en\">This document is about the Business Plan of the company</text></attribute><attribute name=\"File\" attributetype=\"Attach\"><resource resourcetype=\"Attach\" id=\"43\" lang=\"en\" /><text lang=\"it\">Business Plan</text><text lang=\"en\">Business Plan</text></attribute></attributes><status>PUBLIC</status><version>1.0</version><lastEditor>jeff</lastEditor><created>20110926155822</created><lastModified>20110926155822</lastModified></content>\n','administrators','1.0','jeff'),('DWN47','DWN','Customer Best Practice','PUBLIC','<?xml version=\"1.0\" encoding=\"UTF-8\"?>\n<content id=\"DWN47\" typecode=\"DWN\" typedescr=\"Scheda Download\"><descr>Customer Best Practice</descr><groups mainGroup=\"administrators\"><group name=\"customers\" /></groups><categories /><attributes><attribute name=\"Title\" attributetype=\"Text\"><text lang=\"it\">Customer Best Practice</text><text lang=\"en\">Customer Best Practice</text></attribute><attribute name=\"Abstract\" attributetype=\"Longtext\"><text lang=\"it\">Fornisce le linee guida per la realizzazione dei Plugin di Entando secondo definiti standard di qualità.</text><text lang=\"en\">This document provides best practices for implementation of Entando Plugins.</text></attribute><attribute name=\"File\" attributetype=\"Attach\"><resource resourcetype=\"Attach\" id=\"46\" lang=\"en\" /><text lang=\"it\">Best practice</text><text lang=\"en\">Best Practice</text></attribute></attributes><status>PUBLIC</status><version>2.0</version><lastEditor>jeff</lastEditor><created>20110926160209</created><lastModified>20110926160907</lastModified></content>\n','20110926160209','20110926160907','<?xml version=\"1.0\" encoding=\"UTF-8\"?>\n<content id=\"DWN47\" typecode=\"DWN\" typedescr=\"Scheda Download\"><descr>Customer Best Practice</descr><groups mainGroup=\"administrators\"><group name=\"customers\" /></groups><categories /><attributes><attribute name=\"Title\" attributetype=\"Text\"><text lang=\"it\">Customer Best Practice</text><text lang=\"en\">Customer Best Practice</text></attribute><attribute name=\"Abstract\" attributetype=\"Longtext\"><text lang=\"it\">Fornisce le linee guida per la realizzazione dei Plugin di Entando secondo definiti standard di qualità.</text><text lang=\"en\">This document provides best practices for implementation of Entando Plugins.</text></attribute><attribute name=\"File\" attributetype=\"Attach\"><resource resourcetype=\"Attach\" id=\"46\" lang=\"en\" /><text lang=\"it\">Best practice</text><text lang=\"en\">Best Practice</text></attribute></attributes><status>PUBLIC</status><version>2.0</version><lastEditor>jeff</lastEditor><created>20110926160209</created><lastModified>20110926160907</lastModified></content>\n','administrators','2.0','jeff'),('DWN49','DWN','Intranet Documentation','PUBLIC','<?xml version=\"1.0\" encoding=\"UTF-8\"?>\n<content id=\"DWN49\" typecode=\"DWN\" typedescr=\"Scheda Download\"><descr>Intranet Documentation</descr><groups mainGroup=\"administrators\"><group name=\"intranet\" /></groups><categories /><attributes><attribute name=\"Title\" attributetype=\"Text\"><text lang=\"it\">Documentazione per Intranet</text><text lang=\"en\">Intranet Documentation</text></attribute><attribute name=\"Abstract\" attributetype=\"Longtext\"><text lang=\"it\">Descrive l\'organizzazione dei pacchetti e della documentazione disponibili nell\'are intranet.</text><text lang=\"en\">The document describes the organization of packages and documentation available in the intranet area.</text></attribute><attribute name=\"File\" attributetype=\"Attach\"><resource resourcetype=\"Attach\" id=\"48\" lang=\"en\" /><text lang=\"en\">Intranet Documentation</text></attribute></attributes><status>PUBLIC</status><version>1.0</version><lastEditor>jeff</lastEditor><created>20110926160826</created><lastModified>20110926160826</lastModified></content>\n','20110926160826','20110926160826','<?xml version=\"1.0\" encoding=\"UTF-8\"?>\n<content id=\"DWN49\" typecode=\"DWN\" typedescr=\"Scheda Download\"><descr>Intranet Documentation</descr><groups mainGroup=\"administrators\"><group name=\"intranet\" /></groups><categories /><attributes><attribute name=\"Title\" attributetype=\"Text\"><text lang=\"it\">Documentazione per Intranet</text><text lang=\"en\">Intranet Documentation</text></attribute><attribute name=\"Abstract\" attributetype=\"Longtext\"><text lang=\"it\">Descrive l\'organizzazione dei pacchetti e della documentazione disponibili nell\'are intranet.</text><text lang=\"en\">The document describes the organization of packages and documentation available in the intranet area.</text></attribute><attribute name=\"File\" attributetype=\"Attach\"><resource resourcetype=\"Attach\" id=\"48\" lang=\"en\" /><text lang=\"en\">Intranet Documentation</text></attribute></attributes><status>PUBLIC</status><version>1.0</version><lastEditor>jeff</lastEditor><created>20110926160826</created><lastModified>20110926160826</lastModified></content>\n','administrators','1.0','jeff'),('DWN51','DWN','Customer Agreement','PUBLIC','<?xml version=\"1.0\" encoding=\"UTF-8\"?>\n<content id=\"DWN51\" typecode=\"DWN\" typedescr=\"Scheda Download\"><descr>Customer Agreement</descr><groups mainGroup=\"administrators\"><group name=\"customers\" /></groups><categories /><attributes><attribute name=\"Title\" attributetype=\"Text\"><text lang=\"it\">Contratto Clienti</text><text lang=\"en\">Customer Agreement</text></attribute><attribute name=\"Abstract\" attributetype=\"Longtext\"><text lang=\"it\">Questo documento contiene il contratto sottoscritto con il cliente</text><text lang=\"en\">This document contains the agreement signed with the customer</text></attribute><attribute name=\"File\" attributetype=\"Attach\"><resource resourcetype=\"Attach\" id=\"50\" lang=\"en\" /><text lang=\"it\">Contratto Clienti</text><text lang=\"en\">Customer Agreement</text></attribute></attributes><status>PUBLIC</status><version>1.0</version><lastEditor>jeff</lastEditor><created>20110926161836</created><lastModified>20110926161836</lastModified></content>\n','20110926161836','20110926161836','<?xml version=\"1.0\" encoding=\"UTF-8\"?>\n<content id=\"DWN51\" typecode=\"DWN\" typedescr=\"Scheda Download\"><descr>Customer Agreement</descr><groups mainGroup=\"administrators\"><group name=\"customers\" /></groups><categories /><attributes><attribute name=\"Title\" attributetype=\"Text\"><text lang=\"it\">Contratto Clienti</text><text lang=\"en\">Customer Agreement</text></attribute><attribute name=\"Abstract\" attributetype=\"Longtext\"><text lang=\"it\">Questo documento contiene il contratto sottoscritto con il cliente</text><text lang=\"en\">This document contains the agreement signed with the customer</text></attribute><attribute name=\"File\" attributetype=\"Attach\"><resource resourcetype=\"Attach\" id=\"50\" lang=\"en\" /><text lang=\"it\">Contratto Clienti</text><text lang=\"en\">Customer Agreement</text></attribute></attributes><status>PUBLIC</status><version>1.0</version><lastEditor>jeff</lastEditor><created>20110926161836</created><lastModified>20110926161836</lastModified></content>\n','administrators','1.0','jeff'),('DWN53','DWN','Entando Model','PUBLIC','<?xml version=\"1.0\" encoding=\"UTF-8\"?>\n<content id=\"DWN53\" typecode=\"DWN\" typedescr=\"Scheda Download\"><descr>Entando Model</descr><groups mainGroup=\"administrators\"><group name=\"free\" /></groups><categories /><attributes><attribute name=\"Title\" attributetype=\"Text\"><text lang=\"it\">Il Modello Entando</text><text lang=\"en\">Entando Model</text></attribute><attribute name=\"Abstract\" attributetype=\"Longtext\"><text lang=\"it\">Descrive il modello concettuale che sta alla base del progetto Entando.</text><text lang=\"en\">This document describes the conceptual model of Entando project</text></attribute><attribute name=\"File\" attributetype=\"Attach\"><resource resourcetype=\"Attach\" id=\"52\" lang=\"en\" /><text lang=\"it\">Il Modello Entando</text><text lang=\"en\">Entando Model</text></attribute></attributes><status>PUBLIC</status><version>1.0</version><lastEditor>jeff</lastEditor><created>20110926162601</created><lastModified>20110926162601</lastModified></content>\n','20110926162601','20110926162601','<?xml version=\"1.0\" encoding=\"UTF-8\"?>\n<content id=\"DWN53\" typecode=\"DWN\" typedescr=\"Scheda Download\"><descr>Entando Model</descr><groups mainGroup=\"administrators\"><group name=\"free\" /></groups><categories /><attributes><attribute name=\"Title\" attributetype=\"Text\"><text lang=\"it\">Il Modello Entando</text><text lang=\"en\">Entando Model</text></attribute><attribute name=\"Abstract\" attributetype=\"Longtext\"><text lang=\"it\">Descrive il modello concettuale che sta alla base del progetto Entando.</text><text lang=\"en\">This document describes the conceptual model of Entando project</text></attribute><attribute name=\"File\" attributetype=\"Attach\"><resource resourcetype=\"Attach\" id=\"52\" lang=\"en\" /><text lang=\"it\">Il Modello Entando</text><text lang=\"en\">Entando Model</text></attribute></attributes><status>PUBLIC</status><version>1.0</version><lastEditor>jeff</lastEditor><created>20110926162601</created><lastModified>20110926162601</lastModified></content>\n','administrators','1.0','jeff'),('NEW11','NEW','Webinar sull\'integrazione della piattaforma Entando e Pentaho Business Intelligence','PUBLIC','<?xml version=\"1.0\" encoding=\"UTF-8\"?>\n<content id=\"NEW11\" typecode=\"NEW\" typedescr=\"News\"><descr>Webinar sull\'integrazione della piattaforma Entando e Pentaho Business Intelligence</descr><groups mainGroup=\"free\"><group name=\"free\" /></groups><categories><category id=\"events\" /></categories><attributes><attribute name=\"Title\" attributetype=\"Text\"><text lang=\"it\">Webcast sull\'integrazione della piattaforma jAPS 2.0 entando e Pentaho Business Intelligence</text><text lang=\"en\">Webcast: \"Portal Meets Business Intelligence: 3A Latte Arborea, a Case Study about Dairy and Farming in Italy\"</text></attribute><attribute name=\"Date\" attributetype=\"Date\"><date>20110524</date></attribute><attribute name=\"Abstract\" attributetype=\"Longtext\"><text lang=\"it\">Tzente e Pentaho, il 24 Maggio alle ore 16.00 italiane, terranno un Webinar per la presentazione dell’integrazione tra la piattaforma Entando e la suite Pentaho Business Intelligence dal titolo “I Sistemi Portal incontrano la Business Intelligence: il processo decisionale nel settore della produzione Lattiero Casearia; il caso di 3A Latte Arborea”.</text><text lang=\"en\">Tzente and Pentaho, on 24 th of May at 4:00 p.m. Italian time, organize a Webinar to present the integration between Entando platform and Pentaho Business Intelligence entitled \"Portal Meets Business Intelligence: 3A Latte Arborea, a Case Study about Dairy and Farming in Italy\".</text></attribute><attribute name=\"Body\" attributetype=\"Hypertext\"><hypertext lang=\"it\"><![CDATA[<p><strong>Tzente</strong> e <strong>Pentaho</strong>, il <strong>24 Maggio alle ore 16.00</strong>, terranno un <strong>Webinar</strong> per la presentazione dell&rsquo;integrazione tra la piattaforma Entando e la suite Pentaho Business Intelligence dal titolo &ldquo;<strong>I Sistemi Portal incontrano la Business Intelligence: il processo decisionale nel settore della produzione Lattiero Casearia;  il caso di 3A Latte Arborea</strong>&rdquo;.</p>\n<p>La soluzione integrata consente a dipendenti e altri interlocutori di un\'organizzazione di reperire informazioni, usufruire di servizi e svolgere le proprie attivit&agrave; quotidiane attraverso un unico punto di accesso.</p>\n<p>Nel corso del webinar, i partecipanti potranno scoprire come l\'integrazione del sistema portal Entando e la BI Pentaho possa soddisfare un intero processo di analisi di dati e decisionale,  attraverso il caso reale di &ldquo;3A Latte Arborea&rdquo;.<br />\n<br />\nLa forte crisi del settore di produzione del latte italiano ha reso necessario lo sviluppo di un progetto di BI dove, oltre alla valorizzazione delle informazioni disponibili nel caseificio, sono necessari la raccolta e valorizzazione dei dati delle aziende zootecniche che vi confluiscono.</p>\n<p>Nello specifico caso, la soluzione integrata elabora le informazioni raccolte e genera delle KPI che le singole aziende possono comparare con l\'intero comparto. Il sistema permette inoltre di evidenziare le aree di performance positive e negative al fine di intervenire sui processi decisionali.</p>\n<p><strong>Partecipate al Webinar per scoprire come l\'integrazione tra le soluzioni portal e BI permetta ottenere risultati di alto valore strategico e di proporli in modo personalizzato e diffuso in ambiti aziendali o di filiera.</strong></p>]]></hypertext><hypertext lang=\"en\"><![CDATA[<p><strong>Tzente</strong> and <strong>Pentaho</strong>, on <strong>24 th of May at 4:00 p.m.</strong> Italian time, organize a Webinar to present the integration between Entando platform and Pentaho Business Intelligence entitled &quot;<strong>Portal Meets Business Intelligence: 3A Latte Arborea, a Case Study about Dairy and Farming in Italy</strong>&quot;.</p>\n<p>During this webinar, you will see how 3A Latte Arborea, an Italian dairy and farming company, is using an integrated instance of the open source portal Entando and Pentaho Business Intelligence to satisfy the entire analytics process of their products, from the producer to the dairy.</p>\n<p>The integration between Entando and Pentaho allows users to leverage a simple, customizable web interface for information sharing, collaborating, reporting, and charting economic and productivity data. The system processes the collected information and generates key performance indicators (KPIs) that individual companies use to compare with the entire sector.It also highlights areas of positive and negative performance, allowing companies to make faster, more informed decisions .</p>\n<p><strong>Join us for this live webcast, as we reveal how the integrated solution allows to achieve your business intelligence goals faster and streamline your business processes.</strong></p>]]></hypertext></attribute><attribute name=\"Image1\" attributetype=\"Image\"><resource resourcetype=\"Image\" id=\"16\" lang=\"en\" /><text lang=\"en\">Banner Webcast</text></attribute><attribute name=\"Image2\" attributetype=\"Image\"><resource resourcetype=\"Image\" id=\"25\" lang=\"en\" /><text lang=\"en\">Webcast Analytics</text></attribute><list attributetype=\"Monolist\" name=\"Attach\" nestedtype=\"Attach\" /><list attributetype=\"Monolist\" name=\"Links\" nestedtype=\"Link\" /></attributes><status>PUBLIC</status><version>5.0</version><lastEditor>jeff</lastEditor><created>20110923152551</created><lastModified>20110927183443</lastModified></content>\n','20110923152551','20110927183443','<?xml version=\"1.0\" encoding=\"UTF-8\"?>\n<content id=\"NEW11\" typecode=\"NEW\" typedescr=\"News\"><descr>Webinar sull\'integrazione della piattaforma Entando e Pentaho Business Intelligence</descr><groups mainGroup=\"free\"><group name=\"free\" /></groups><categories><category id=\"events\" /></categories><attributes><attribute name=\"Title\" attributetype=\"Text\"><text lang=\"it\">Webcast sull\'integrazione della piattaforma jAPS 2.0 entando e Pentaho Business Intelligence</text><text lang=\"en\">Webcast: \"Portal Meets Business Intelligence: 3A Latte Arborea, a Case Study about Dairy and Farming in Italy\"</text></attribute><attribute name=\"Date\" attributetype=\"Date\"><date>20110524</date></attribute><attribute name=\"Abstract\" attributetype=\"Longtext\"><text lang=\"it\">Tzente e Pentaho, il 24 Maggio alle ore 16.00 italiane, terranno un Webinar per la presentazione dell’integrazione tra la piattaforma Entando e la suite Pentaho Business Intelligence dal titolo “I Sistemi Portal incontrano la Business Intelligence: il processo decisionale nel settore della produzione Lattiero Casearia; il caso di 3A Latte Arborea”.</text><text lang=\"en\">Tzente and Pentaho, on 24 th of May at 4:00 p.m. Italian time, organize a Webinar to present the integration between Entando platform and Pentaho Business Intelligence entitled \"Portal Meets Business Intelligence: 3A Latte Arborea, a Case Study about Dairy and Farming in Italy\".</text></attribute><attribute name=\"Body\" attributetype=\"Hypertext\"><hypertext lang=\"it\"><![CDATA[<p><strong>Tzente</strong> e <strong>Pentaho</strong>, il <strong>24 Maggio alle ore 16.00</strong>, terranno un <strong>Webinar</strong> per la presentazione dell&rsquo;integrazione tra la piattaforma Entando e la suite Pentaho Business Intelligence dal titolo &ldquo;<strong>I Sistemi Portal incontrano la Business Intelligence: il processo decisionale nel settore della produzione Lattiero Casearia;  il caso di 3A Latte Arborea</strong>&rdquo;.</p>\n<p>La soluzione integrata consente a dipendenti e altri interlocutori di un\'organizzazione di reperire informazioni, usufruire di servizi e svolgere le proprie attivit&agrave; quotidiane attraverso un unico punto di accesso.</p>\n<p>Nel corso del webinar, i partecipanti potranno scoprire come l\'integrazione del sistema portal Entando e la BI Pentaho possa soddisfare un intero processo di analisi di dati e decisionale,  attraverso il caso reale di &ldquo;3A Latte Arborea&rdquo;.<br />\n<br />\nLa forte crisi del settore di produzione del latte italiano ha reso necessario lo sviluppo di un progetto di BI dove, oltre alla valorizzazione delle informazioni disponibili nel caseificio, sono necessari la raccolta e valorizzazione dei dati delle aziende zootecniche che vi confluiscono.</p>\n<p>Nello specifico caso, la soluzione integrata elabora le informazioni raccolte e genera delle KPI che le singole aziende possono comparare con l\'intero comparto. Il sistema permette inoltre di evidenziare le aree di performance positive e negative al fine di intervenire sui processi decisionali.</p>\n<p><strong>Partecipate al Webinar per scoprire come l\'integrazione tra le soluzioni portal e BI permetta ottenere risultati di alto valore strategico e di proporli in modo personalizzato e diffuso in ambiti aziendali o di filiera.</strong></p>]]></hypertext><hypertext lang=\"en\"><![CDATA[<p><strong>Tzente</strong> and <strong>Pentaho</strong>, on <strong>24 th of May at 4:00 p.m.</strong> Italian time, organize a Webinar to present the integration between Entando platform and Pentaho Business Intelligence entitled &quot;<strong>Portal Meets Business Intelligence: 3A Latte Arborea, a Case Study about Dairy and Farming in Italy</strong>&quot;.</p>\n<p>During this webinar, you will see how 3A Latte Arborea, an Italian dairy and farming company, is using an integrated instance of the open source portal Entando and Pentaho Business Intelligence to satisfy the entire analytics process of their products, from the producer to the dairy.</p>\n<p>The integration between Entando and Pentaho allows users to leverage a simple, customizable web interface for information sharing, collaborating, reporting, and charting economic and productivity data. The system processes the collected information and generates key performance indicators (KPIs) that individual companies use to compare with the entire sector.It also highlights areas of positive and negative performance, allowing companies to make faster, more informed decisions .</p>\n<p><strong>Join us for this live webcast, as we reveal how the integrated solution allows to achieve your business intelligence goals faster and streamline your business processes.</strong></p>]]></hypertext></attribute><attribute name=\"Image1\" attributetype=\"Image\"><resource resourcetype=\"Image\" id=\"16\" lang=\"en\" /><text lang=\"en\">Banner Webcast</text></attribute><attribute name=\"Image2\" attributetype=\"Image\"><resource resourcetype=\"Image\" id=\"25\" lang=\"en\" /><text lang=\"en\">Webcast Analytics</text></attribute><list attributetype=\"Monolist\" name=\"Attach\" nestedtype=\"Attach\" /><list attributetype=\"Monolist\" name=\"Links\" nestedtype=\"Link\" /></attributes><status>PUBLIC</status><version>5.0</version><lastEditor>jeff</lastEditor><created>20110923152551</created><lastModified>20110927183443</lastModified></content>\n','free','5.0','jeff'),('NEW12','NEW','Entando on Osor.eu, the Open Source Observatory and Repository for the public administration','PUBLIC','<?xml version=\"1.0\" encoding=\"UTF-8\"?>\n<content id=\"NEW12\" typecode=\"NEW\" typedescr=\"News\"><descr>Entando on Osor.eu, the Open Source Observatory and Repository for the public administration</descr><groups mainGroup=\"administrators\"><group name=\"free\" /></groups><categories /><attributes><attribute name=\"Title\" attributetype=\"Text\"><text lang=\"en\">Entando on Osor.eu, the Open Source Observatory and Repository for the public administration</text></attribute><attribute name=\"Date\" attributetype=\"Date\"><date>20111006</date></attribute><attribute name=\"Abstract\" attributetype=\"Longtext\"><text lang=\"en\">The Open Source Observatory and Repository (OSOR) is a website launched by the European Commission under the IDABC programme, to support the distribution and reuse of software developed by or for public sector administrations across Europe, connecting EU services and Member States.</text></attribute><attribute name=\"Body\" attributetype=\"Hypertext\"><hypertext lang=\"en\"><![CDATA[<p>The <strong>Open Source Observatory and Repository</strong> (OSOR) is a website launched by the <strong>European Commission</strong> under the <strong>IDABC</strong> programme, to support the distribution and reuse of software developed by or for public sector administrations across Europe, connecting EU services and Member States.</p>\n<p>OSOR.eu is a platform for exchanging information, experiences and free, libre and open source software (F/OSS) applications.</p>\n<p>OSOR.eu supports and encourages the collaborative development and re-use of publicly-financed free, libre and open source software (F/OSS) applications developments for use in European public administrations. It also promotes and links to the work of national repositories, encouraging the emergence of a pan-European federation of open source software repositories.</p>\n<p><a href=\"#!U;http://www.osor.eu/projects/japs2!#\">Entando project is published, among others, on OSOR.eu Repository</a>.</p>]]></hypertext></attribute><attribute name=\"Image1\" attributetype=\"Image\"><resource resourcetype=\"Image\" id=\"13\" lang=\"en\" /><text lang=\"en\">Osor Logo</text></attribute><attribute name=\"Image2\" attributetype=\"Image\"><resource resourcetype=\"Image\" id=\"28\" lang=\"en\" /><text lang=\"en\">Entando Logo</text></attribute><list attributetype=\"Monolist\" name=\"Attach\" nestedtype=\"Attach\" /><list attributetype=\"Monolist\" name=\"Links\" nestedtype=\"Link\" /></attributes><status>PUBLIC</status><version>6.0</version><lastEditor>jeff</lastEditor><created>20110923185204</created><lastModified>20111207124456</lastModified></content>\n','20110923185204','20111207124456','<?xml version=\"1.0\" encoding=\"UTF-8\"?>\n<content id=\"NEW12\" typecode=\"NEW\" typedescr=\"News\"><descr>Entando on Osor.eu, the Open Source Observatory and Repository for the public administration</descr><groups mainGroup=\"administrators\"><group name=\"free\" /></groups><categories /><attributes><attribute name=\"Title\" attributetype=\"Text\"><text lang=\"en\">Entando on Osor.eu, the Open Source Observatory and Repository for the public administration</text></attribute><attribute name=\"Date\" attributetype=\"Date\"><date>20111006</date></attribute><attribute name=\"Abstract\" attributetype=\"Longtext\"><text lang=\"en\">The Open Source Observatory and Repository (OSOR) is a website launched by the European Commission under the IDABC programme, to support the distribution and reuse of software developed by or for public sector administrations across Europe, connecting EU services and Member States.</text></attribute><attribute name=\"Body\" attributetype=\"Hypertext\"><hypertext lang=\"en\"><![CDATA[<p>The <strong>Open Source Observatory and Repository</strong> (OSOR) is a website launched by the <strong>European Commission</strong> under the <strong>IDABC</strong> programme, to support the distribution and reuse of software developed by or for public sector administrations across Europe, connecting EU services and Member States.</p>\n<p>OSOR.eu is a platform for exchanging information, experiences and free, libre and open source software (F/OSS) applications.</p>\n<p>OSOR.eu supports and encourages the collaborative development and re-use of publicly-financed free, libre and open source software (F/OSS) applications developments for use in European public administrations. It also promotes and links to the work of national repositories, encouraging the emergence of a pan-European federation of open source software repositories.</p>\n<p><a href=\"#!U;http://www.osor.eu/projects/japs2!#\">Entando project is published, among others, on OSOR.eu Repository</a>.</p>]]></hypertext></attribute><attribute name=\"Image1\" attributetype=\"Image\"><resource resourcetype=\"Image\" id=\"13\" lang=\"en\" /><text lang=\"en\">Osor Logo</text></attribute><attribute name=\"Image2\" attributetype=\"Image\"><resource resourcetype=\"Image\" id=\"28\" lang=\"en\" /><text lang=\"en\">Entando Logo</text></attribute><list attributetype=\"Monolist\" name=\"Attach\" nestedtype=\"Attach\" /><list attributetype=\"Monolist\" name=\"Links\" nestedtype=\"Link\" /></attributes><status>PUBLIC</status><version>6.0</version><lastEditor>jeff</lastEditor><created>20110923185204</created><lastModified>20111207124456</lastModified></content>\n','administrators','6.0','jeff'),('NEW15','NEW','LIVE EVENT - Portal and Business Intelligence: across organizational boundaries','PUBLIC','<?xml version=\"1.0\" encoding=\"UTF-8\"?>\n<content id=\"NEW15\" typecode=\"NEW\" typedescr=\"News\"><descr>LIVE EVENT - Portal and Business Intelligence: across organizational boundaries</descr><groups mainGroup=\"free\"><group name=\"free\" /></groups><categories><category id=\"events\" /></categories><attributes><attribute name=\"Title\" attributetype=\"Text\"><text lang=\"it\">EVENTO LIVE - Il Portale e la Business Intelligence: oltre i confini dell\'organizzazione</text><text lang=\"en\">LIVE EVENT - Portal and Business Intelligence: across organizational boundaries</text></attribute><attribute name=\"Date\" attributetype=\"Date\"><date>20110929</date></attribute><attribute name=\"Abstract\" attributetype=\"Longtext\"><text lang=\"it\">Tzente, Pentaho e Bnova sono lieti di annunciare l\'evento live dal titolo \"Il Portale e la Business Intelligence: oltre i confini dell\'organizzazione\" che si svolgerà il 29 Settembre a Roma.</text><text lang=\"en\">Tzente, Pentaho and Bnova are pleased to announce the live event \"Portal and Business Intelligence: across organizational boundaries\" which will be held on the 29th of September in Rome.</text></attribute><attribute name=\"Body\" attributetype=\"Hypertext\"><hypertext lang=\"it\"><![CDATA[<p><strong>Tzente</strong>, <strong>Pentaho</strong> e <strong>Bnova</strong> sono liete di annunciare il primo evento congiunto in cui verranno presentati i benefici di un sistema integrato<strong> Portal &amp; BI</strong> per una moderna <strong>organizzazione 2.0</strong>.</p>\n<p>Immaginiamo un\'organizzazione in cui l\'accesso alle informazioni strutturate diventa pi&ugrave; semplice, immediato e personalizzato grazie all\'utilizzo di <strong>Internet</strong> e <strong>dispositivi Mobile</strong>, pensiamo a un <strong>miglioramento</strong> <strong>della produttivit&agrave;</strong> e immaginiamo ancora una <strong>condivisione dei processi </strong>aziendali dinamica, veloce oltre i confini dell\'organizzazione.</p>\n<p>Tutto questo oggi &egrave; possibile grazie all\'integrazione degli strumenti di <strong>Business Intelligence di Pentaho</strong> e il sistema <strong>Portal jAPS 2.0 Entando</strong>. Le informazioni non sono pi&ugrave; confinate nell\'orizzonte degli specialisti, diventano patrimonio a disposizione di tutti gli interessati che possono consultare, sulla intranet, sul portale aziendale, e attraverso le mobile apps sul proprio tablet i risultati dinamici della Business Intelligence.</p>\n<p>Partecipate al nostro seminario live ed avrete la possibilit&agrave; di:</p>\n<ul>\n    <li>scoprire le importanti <strong>novit&agrave; della versione 4.0 della Pentaho BI suite</strong>, tra cui l\'interactive reporting e la nuova interfaccia utente ;</li>\n    <li>conoscere le ultime <strong>novit&agrave; della piattaforma jAPS 2.0 Entando</strong> (mobile apps, API, social &amp; collaboration);</li>\n    <li>vedere e toccar con mano come <strong>Entando e Pentaho</strong> insieme <strong>portino</strong> <strong>effettivo valore </strong>ad una organizzazione.</li>\n</ul>]]></hypertext><hypertext lang=\"en\"><![CDATA[<p><strong>Tzente</strong>, <strong>Pentaho</strong> and <strong>Bnova</strong> are pleased to announce the live event &quot;<strong>Portal and Business Intelligence: across organizational boundaries</strong>&quot; which will be held on the<strong> 29th of September </strong>in <strong>Rome</strong>.</p>\n<p>Imagine an organization where the <strong>access to structured information</strong> is <strong>easier</strong>, <strong>immediate</strong> and <strong>personalized</strong> through the use of Internet and mobile devices. Think about an <strong>improvement</strong> of <strong>employee productivity</strong> simplifying everyday business activities through a simple, familiar and&nbsp;coherent environment: the sharing of <strong>business processes</strong> becomes <strong>faster</strong> and <strong>more accessible</strong> across organizational boundaries.</p>\n<p>This is now possible thanks to the integration of <strong>Pentaho Business Intelligence </strong>tools and <strong>jAPS Entando Portal System</strong>.</p>\n<p>The ability to offer reports to different types of users according to the profile and the role opens <strong>new scenarios in the dissemination of corporate knowledge</strong>. Each user can access, through intranet and corporate portal, to the results of the dynamic business intelligence, according to visibility rules and parameters related to its role in the company.</p>\n<p><strong>Specialists</strong> could use the powerful <strong>processing</strong>, <strong>analysis</strong> and <strong>reporting</strong> <strong>features of Pentaho</strong> while other <strong>users</strong> <strong>could easily see the results</strong> and <strong>managers</strong> can access to effective tools for <strong>monitoring</strong> and <strong>decision support</strong>, with <strong>update data</strong>.</p>\n<p>Join our live seminar and you will have the opportunity to:</p>\n<ul>\n    <li>discover the important improvements of <strong>Pentaho BI suite version 4.0</strong>, including the new interactive reporting and user interface;</li>\n    <li>learn about the <strong>latest version of jAPS 2.0 Entando</strong> (mobile apps, APIs, social &amp; collaboration);</li>\n    <li>see how Pentaho and Entando bring together <strong>real value</strong> to an organization.</li>\n</ul>\n<p><strong><br />\n</strong></p>]]></hypertext></attribute><attribute name=\"Image1\" attributetype=\"Image\"><resource resourcetype=\"Image\" id=\"14\" lang=\"en\" /><text lang=\"it\">Banner LIVE EVENT</text><text lang=\"en\">Banner LIVE EVENT</text></attribute><attribute name=\"Image2\" attributetype=\"Image\"><resource resourcetype=\"Image\" id=\"29\" lang=\"en\" /><text lang=\"en\">Live Event</text></attribute><list attributetype=\"Monolist\" name=\"Attach\" nestedtype=\"Attach\" /><list attributetype=\"Monolist\" name=\"Links\" nestedtype=\"Link\" /><attribute name=\"TXT\" attributetype=\"Text\"><text lang=\"en\">Prova</text></attribute></attributes><status>PUBLIC</status><version>5.0</version><lastEditor>jeff</lastEditor><created>20110926104401</created><lastModified>20110927141550</lastModified></content>\n','20110926104401','20110927141550','<?xml version=\"1.0\" encoding=\"UTF-8\"?>\n<content id=\"NEW15\" typecode=\"NEW\" typedescr=\"News\"><descr>LIVE EVENT - Portal and Business Intelligence: across organizational boundaries</descr><groups mainGroup=\"free\"><group name=\"free\" /></groups><categories><category id=\"events\" /></categories><attributes><attribute name=\"Title\" attributetype=\"Text\"><text lang=\"it\">EVENTO LIVE - Il Portale e la Business Intelligence: oltre i confini dell\'organizzazione</text><text lang=\"en\">LIVE EVENT - Portal and Business Intelligence: across organizational boundaries</text></attribute><attribute name=\"Date\" attributetype=\"Date\"><date>20110929</date></attribute><attribute name=\"Abstract\" attributetype=\"Longtext\"><text lang=\"it\">Tzente, Pentaho e Bnova sono lieti di annunciare l\'evento live dal titolo \"Il Portale e la Business Intelligence: oltre i confini dell\'organizzazione\" che si svolgerà il 29 Settembre a Roma.</text><text lang=\"en\">Tzente, Pentaho and Bnova are pleased to announce the live event \"Portal and Business Intelligence: across organizational boundaries\" which will be held on the 29th of September in Rome.</text></attribute><attribute name=\"Body\" attributetype=\"Hypertext\"><hypertext lang=\"it\"><![CDATA[<p><strong>Tzente</strong>, <strong>Pentaho</strong> e <strong>Bnova</strong> sono liete di annunciare il primo evento congiunto in cui verranno presentati i benefici di un sistema integrato<strong> Portal &amp; BI</strong> per una moderna <strong>organizzazione 2.0</strong>.</p>\n<p>Immaginiamo un\'organizzazione in cui l\'accesso alle informazioni strutturate diventa pi&ugrave; semplice, immediato e personalizzato grazie all\'utilizzo di <strong>Internet</strong> e <strong>dispositivi Mobile</strong>, pensiamo a un <strong>miglioramento</strong> <strong>della produttivit&agrave;</strong> e immaginiamo ancora una <strong>condivisione dei processi </strong>aziendali dinamica, veloce oltre i confini dell\'organizzazione.</p>\n<p>Tutto questo oggi &egrave; possibile grazie all\'integrazione degli strumenti di <strong>Business Intelligence di Pentaho</strong> e il sistema <strong>Portal jAPS 2.0 Entando</strong>. Le informazioni non sono pi&ugrave; confinate nell\'orizzonte degli specialisti, diventano patrimonio a disposizione di tutti gli interessati che possono consultare, sulla intranet, sul portale aziendale, e attraverso le mobile apps sul proprio tablet i risultati dinamici della Business Intelligence.</p>\n<p>Partecipate al nostro seminario live ed avrete la possibilit&agrave; di:</p>\n<ul>\n    <li>scoprire le importanti <strong>novit&agrave; della versione 4.0 della Pentaho BI suite</strong>, tra cui l\'interactive reporting e la nuova interfaccia utente ;</li>\n    <li>conoscere le ultime <strong>novit&agrave; della piattaforma jAPS 2.0 Entando</strong> (mobile apps, API, social &amp; collaboration);</li>\n    <li>vedere e toccar con mano come <strong>Entando e Pentaho</strong> insieme <strong>portino</strong> <strong>effettivo valore </strong>ad una organizzazione.</li>\n</ul>]]></hypertext><hypertext lang=\"en\"><![CDATA[<p><strong>Tzente</strong>, <strong>Pentaho</strong> and <strong>Bnova</strong> are pleased to announce the live event &quot;<strong>Portal and Business Intelligence: across organizational boundaries</strong>&quot; which will be held on the<strong> 29th of September </strong>in <strong>Rome</strong>.</p>\n<p>Imagine an organization where the <strong>access to structured information</strong> is <strong>easier</strong>, <strong>immediate</strong> and <strong>personalized</strong> through the use of Internet and mobile devices. Think about an <strong>improvement</strong> of <strong>employee productivity</strong> simplifying everyday business activities through a simple, familiar and&nbsp;coherent environment: the sharing of <strong>business processes</strong> becomes <strong>faster</strong> and <strong>more accessible</strong> across organizational boundaries.</p>\n<p>This is now possible thanks to the integration of <strong>Pentaho Business Intelligence </strong>tools and <strong>jAPS Entando Portal System</strong>.</p>\n<p>The ability to offer reports to different types of users according to the profile and the role opens <strong>new scenarios in the dissemination of corporate knowledge</strong>. Each user can access, through intranet and corporate portal, to the results of the dynamic business intelligence, according to visibility rules and parameters related to its role in the company.</p>\n<p><strong>Specialists</strong> could use the powerful <strong>processing</strong>, <strong>analysis</strong> and <strong>reporting</strong> <strong>features of Pentaho</strong> while other <strong>users</strong> <strong>could easily see the results</strong> and <strong>managers</strong> can access to effective tools for <strong>monitoring</strong> and <strong>decision support</strong>, with <strong>update data</strong>.</p>\n<p>Join our live seminar and you will have the opportunity to:</p>\n<ul>\n    <li>discover the important improvements of <strong>Pentaho BI suite version 4.0</strong>, including the new interactive reporting and user interface;</li>\n    <li>learn about the <strong>latest version of jAPS 2.0 Entando</strong> (mobile apps, APIs, social &amp; collaboration);</li>\n    <li>see how Pentaho and Entando bring together <strong>real value</strong> to an organization.</li>\n</ul>\n<p><strong><br />\n</strong></p>]]></hypertext></attribute><attribute name=\"Image1\" attributetype=\"Image\"><resource resourcetype=\"Image\" id=\"14\" lang=\"en\" /><text lang=\"it\">Banner LIVE EVENT</text><text lang=\"en\">Banner LIVE EVENT</text></attribute><attribute name=\"Image2\" attributetype=\"Image\"><resource resourcetype=\"Image\" id=\"29\" lang=\"en\" /><text lang=\"en\">Live Event</text></attribute><list attributetype=\"Monolist\" name=\"Attach\" nestedtype=\"Attach\" /><list attributetype=\"Monolist\" name=\"Links\" nestedtype=\"Link\" /><attribute name=\"TXT\" attributetype=\"Text\"><text lang=\"en\">Prova</text></attribute></attributes><status>PUBLIC</status><version>5.0</version><lastEditor>jeff</lastEditor><created>20110926104401</created><lastModified>20110927141550</lastModified></content>\n','free','5.0','jeff'),('NEW17','NEW','Release of Entando version 2.4.0.1','PUBLIC','<?xml version=\"1.0\" encoding=\"UTF-8\"?>\n<content id=\"NEW17\" typecode=\"NEW\" typedescr=\"News\"><descr>Release of Entando version 2.4.0.1</descr><groups mainGroup=\"free\"><group name=\"free\" /></groups><categories /><attributes><attribute name=\"Title\" attributetype=\"Text\"><text lang=\"it\">Rilascio di Entando versione 2.4.0.1</text><text lang=\"en\">Release of Entando version 2.4.0.1</text></attribute><attribute name=\"Date\" attributetype=\"Date\"><date>20111207</date></attribute><attribute name=\"Abstract\" attributetype=\"Longtext\"><text lang=\"it\">Entando 2.4.0.1, la nuova versione della piattaforma web Entando è stata rilasciata oggi ed è disponibile su GitHub, che si è affermato come l’hosting di progetti open source più apprezzato dell\'ultimo anno.</text><text lang=\"en\">Entando 2.4.0.1, the new version of Entando web platform, has just been released and it is now available to download on GitHub.</text></attribute><attribute name=\"Body\" attributetype=\"Hypertext\"><hypertext lang=\"it\"><![CDATA[<p><strong>Entando 2.4.0.1</strong>, la nuova versione della piattaforma web Entando <strong>&egrave;  stata rilasciata </strong>oggi ed &egrave; disponibile su <a href=\"#!U;http://github.com/entando/!#\"><strong>GitHub</strong></a>, che si &egrave; affermato come l&rsquo;hosting di progetti open source pi&ugrave; apprezzato dell\'ultimo anno.</p>\n<p>E\' caratterizzata dal nuovo <strong>sistema di API Services</strong> per implementare facilmente servizi web e sar&agrave; accompagnata a breve dall\'uscita di <strong>MyEntando</strong>, l\'applicazione mobile gratuita per un\'esperienza di navigazione personalizzata.</p>\n<p>L\'introduzione del sistema di API Services garantisce agli amministratori di un portale piena libert&agrave; di creare applicazioni, senza bisogno di competenze tecniche. La funzionalit&agrave; integrata di \'mapping\' consente di effettuare una ricerca sui contenuti esistenti e creare direttamente da essi l\'applicazione corrispondente, con un significativo risparmio di tempo.<br />\nInoltre, l\'utilizzo del <strong>formato dati aperto</strong> estende le <strong>possibilit&agrave; di riuso</strong>, promuovendo ulteriori <strong>opportunit&agrave; di business</strong>.</p>\n<p>Dietro lo sviluppo di Entando 2.4.0.1 c\'&egrave; una <strong>maggiore attenzione agli utenti e alle loro esigenze</strong> in un mondo sempre pi&ugrave; interconnesso. Questa stessa attenzione guida il futuro dell\'intero progetto.<br />\n&quot; <em>A partire dal rilascio</em> - spiega Diana -<em> jAPS 2.0 Entando si chiamer&agrave; semplicemente Entando, per indicare un punto di svolta nella nostra evoluzione</em>.&quot; <br />\nLa piattaforma open source si &egrave; infatti gradualmente spostata dal java agile portal system degli esordi, prima <strong>jAPS</strong> e poi <strong>jAPS 2.0</strong>, per arrivare a <strong>Entando</strong>, una soluzione che aiuta le organizzazioni pubbliche e private a sfruttare i vantaggi della network society.  <br />\n&quot;<em>La tecnologia</em>  - aggiunge Diana - <em>ha cambiato il modo di lavorare e trattare le informazioni di tutti noi, ha reso possibili forme di partecipazione e collaborazione impensabili sino a pochi anni fa. Entando raccoglie l\'eredit&agrave; di jAPS per concentrarsi sugli scenari aperti dalle nuove tecnologie piuttosto che sulla tecnologia stessa</em>.&quot;</p>\n<p><strong>La nuova versione di Entando 2.4.0.1 &egrave; stata trasferita su GitHub e Maven, <a href=\"#!U;http://japsway.blogspot.com/!#\">maggiori informazioni sono disponibili qui</a>.</strong></p>]]></hypertext><hypertext lang=\"en\"><![CDATA[<p><strong>Entando 2.4.0.1</strong>, the new version of Entando web platform, has just been released and it is now available to download on <a href=\"#!U;http://github.com/entando/!#\"><strong>GitHub</strong></a>.</p>\n<p>The 2.4.0.1 release features a new user-centered<strong> API Services</strong> <strong>system</strong> to implement web services and it is coupled with the free mobile application MyEntando, that caming soon, to enjoy a made-to-measure mobile experience.</p>\n<p>The introduction of the <strong>API Services system</strong> gives portal administrators full freedom to create web services with no need for technical skills. An integrated \'mapping\' functionality searches for matching content and allows to create the correspondent web application straight from it, with a significant save on time. In addition, the use of the <strong>open data </strong>format consents data re-use to a greater extent, <strong>boosting new business opportunities</strong>.</p>\n<p><strong>Behind the development of Entando 2.4.0.1</strong> there is a <strong>stronger attention to users and their needs</strong> in an interconnected world. The same attention shapes the future of the entire project. <br />\n&quot;<em>From the release</em> - explains Diana -<em> jAPS 2.0 Entando will be named simply Entando, to mark a turning point in our evolution</em>&quot;. The open source web platform has gradually moved on from the early stages of java agile portal system, known as <strong>jAPS</strong> and<strong> jAPS 2.0</strong>, to <strong>Entando</strong>, a solution that helps organisations leverage the opportunities of a network society.  <br />\n&quot;<em>Technology</em>  - adds Diana - <em>has changed the way all of us work and handle information, it has enabled new participation and collaboration practices, unimaginable until not long ago.  Entando collects the jAPS inheritance to focus more on the new scenarios technology opened rather than on technology itself</em>.&quot;</p>\n<p><strong>Entando 2.4.0.1 is also moving on GitHub and Maven, <a href=\"#!U;http://japsway.blogspot.com/!#\">more details here</a>.</strong></p>]]></hypertext></attribute><attribute name=\"Image1\" attributetype=\"Image\"><resource resourcetype=\"Image\" id=\"28\" lang=\"en\" /><text lang=\"en\">Entando Logo</text></attribute><attribute name=\"Image2\" attributetype=\"Image\" /><list attributetype=\"Monolist\" name=\"Attach\" nestedtype=\"Attach\" /><list attributetype=\"Monolist\" name=\"Links\" nestedtype=\"Link\" /></attributes><status>PUBLIC</status><version>5.0</version><lastEditor>jeff</lastEditor><created>20110926140558</created><lastModified>20111207124531</lastModified></content>\n','20110926140558','20111207124531','<?xml version=\"1.0\" encoding=\"UTF-8\"?>\n<content id=\"NEW17\" typecode=\"NEW\" typedescr=\"News\"><descr>Release of Entando version 2.4.0.1</descr><groups mainGroup=\"free\"><group name=\"free\" /></groups><categories /><attributes><attribute name=\"Title\" attributetype=\"Text\"><text lang=\"it\">Rilascio di Entando versione 2.4.0.1</text><text lang=\"en\">Release of Entando version 2.4.0.1</text></attribute><attribute name=\"Date\" attributetype=\"Date\"><date>20111207</date></attribute><attribute name=\"Abstract\" attributetype=\"Longtext\"><text lang=\"it\">Entando 2.4.0.1, la nuova versione della piattaforma web Entando è stata rilasciata oggi ed è disponibile su GitHub, che si è affermato come l’hosting di progetti open source più apprezzato dell\'ultimo anno.</text><text lang=\"en\">Entando 2.4.0.1, the new version of Entando web platform, has just been released and it is now available to download on GitHub.</text></attribute><attribute name=\"Body\" attributetype=\"Hypertext\"><hypertext lang=\"it\"><![CDATA[<p><strong>Entando 2.4.0.1</strong>, la nuova versione della piattaforma web Entando <strong>&egrave;  stata rilasciata </strong>oggi ed &egrave; disponibile su <a href=\"#!U;http://github.com/entando/!#\"><strong>GitHub</strong></a>, che si &egrave; affermato come l&rsquo;hosting di progetti open source pi&ugrave; apprezzato dell\'ultimo anno.</p>\n<p>E\' caratterizzata dal nuovo <strong>sistema di API Services</strong> per implementare facilmente servizi web e sar&agrave; accompagnata a breve dall\'uscita di <strong>MyEntando</strong>, l\'applicazione mobile gratuita per un\'esperienza di navigazione personalizzata.</p>\n<p>L\'introduzione del sistema di API Services garantisce agli amministratori di un portale piena libert&agrave; di creare applicazioni, senza bisogno di competenze tecniche. La funzionalit&agrave; integrata di \'mapping\' consente di effettuare una ricerca sui contenuti esistenti e creare direttamente da essi l\'applicazione corrispondente, con un significativo risparmio di tempo.<br />\nInoltre, l\'utilizzo del <strong>formato dati aperto</strong> estende le <strong>possibilit&agrave; di riuso</strong>, promuovendo ulteriori <strong>opportunit&agrave; di business</strong>.</p>\n<p>Dietro lo sviluppo di Entando 2.4.0.1 c\'&egrave; una <strong>maggiore attenzione agli utenti e alle loro esigenze</strong> in un mondo sempre pi&ugrave; interconnesso. Questa stessa attenzione guida il futuro dell\'intero progetto.<br />\n&quot; <em>A partire dal rilascio</em> - spiega Diana -<em> jAPS 2.0 Entando si chiamer&agrave; semplicemente Entando, per indicare un punto di svolta nella nostra evoluzione</em>.&quot; <br />\nLa piattaforma open source si &egrave; infatti gradualmente spostata dal java agile portal system degli esordi, prima <strong>jAPS</strong> e poi <strong>jAPS 2.0</strong>, per arrivare a <strong>Entando</strong>, una soluzione che aiuta le organizzazioni pubbliche e private a sfruttare i vantaggi della network society.  <br />\n&quot;<em>La tecnologia</em>  - aggiunge Diana - <em>ha cambiato il modo di lavorare e trattare le informazioni di tutti noi, ha reso possibili forme di partecipazione e collaborazione impensabili sino a pochi anni fa. Entando raccoglie l\'eredit&agrave; di jAPS per concentrarsi sugli scenari aperti dalle nuove tecnologie piuttosto che sulla tecnologia stessa</em>.&quot;</p>\n<p><strong>La nuova versione di Entando 2.4.0.1 &egrave; stata trasferita su GitHub e Maven, <a href=\"#!U;http://japsway.blogspot.com/!#\">maggiori informazioni sono disponibili qui</a>.</strong></p>]]></hypertext><hypertext lang=\"en\"><![CDATA[<p><strong>Entando 2.4.0.1</strong>, the new version of Entando web platform, has just been released and it is now available to download on <a href=\"#!U;http://github.com/entando/!#\"><strong>GitHub</strong></a>.</p>\n<p>The 2.4.0.1 release features a new user-centered<strong> API Services</strong> <strong>system</strong> to implement web services and it is coupled with the free mobile application MyEntando, that caming soon, to enjoy a made-to-measure mobile experience.</p>\n<p>The introduction of the <strong>API Services system</strong> gives portal administrators full freedom to create web services with no need for technical skills. An integrated \'mapping\' functionality searches for matching content and allows to create the correspondent web application straight from it, with a significant save on time. In addition, the use of the <strong>open data </strong>format consents data re-use to a greater extent, <strong>boosting new business opportunities</strong>.</p>\n<p><strong>Behind the development of Entando 2.4.0.1</strong> there is a <strong>stronger attention to users and their needs</strong> in an interconnected world. The same attention shapes the future of the entire project. <br />\n&quot;<em>From the release</em> - explains Diana -<em> jAPS 2.0 Entando will be named simply Entando, to mark a turning point in our evolution</em>&quot;. The open source web platform has gradually moved on from the early stages of java agile portal system, known as <strong>jAPS</strong> and<strong> jAPS 2.0</strong>, to <strong>Entando</strong>, a solution that helps organisations leverage the opportunities of a network society.  <br />\n&quot;<em>Technology</em>  - adds Diana - <em>has changed the way all of us work and handle information, it has enabled new participation and collaboration practices, unimaginable until not long ago.  Entando collects the jAPS inheritance to focus more on the new scenarios technology opened rather than on technology itself</em>.&quot;</p>\n<p><strong>Entando 2.4.0.1 is also moving on GitHub and Maven, <a href=\"#!U;http://japsway.blogspot.com/!#\">more details here</a>.</strong></p>]]></hypertext></attribute><attribute name=\"Image1\" attributetype=\"Image\"><resource resourcetype=\"Image\" id=\"28\" lang=\"en\" /><text lang=\"en\">Entando Logo</text></attribute><attribute name=\"Image2\" attributetype=\"Image\" /><list attributetype=\"Monolist\" name=\"Attach\" nestedtype=\"Attach\" /><list attributetype=\"Monolist\" name=\"Links\" nestedtype=\"Link\" /></attributes><status>PUBLIC</status><version>5.0</version><lastEditor>jeff</lastEditor><created>20110926140558</created><lastModified>20111207124531</lastModified></content>\n','free','5.0','jeff'),('NEW19','NEW','Entando IdeaScale','PUBLIC','<?xml version=\"1.0\" encoding=\"UTF-8\"?>\n<content id=\"NEW19\" typecode=\"NEW\" typedescr=\"News\"><descr>Entando IdeaScale</descr><groups mainGroup=\"free\"><group name=\"free\" /></groups><categories /><attributes><attribute name=\"Title\" attributetype=\"Text\"><text lang=\"it\">Contribuisci al progetto Entando: proponi la tua idea</text><text lang=\"en\">Contribute to Entando Project: submit your Idea and Suggestion</text></attribute><attribute name=\"Date\" attributetype=\"Date\"><date>20111020</date></attribute><attribute name=\"Abstract\" attributetype=\"Longtext\"><text lang=\"it\">Condividi le tue idee su come migliorare il progetto jAPS 2.0 nell\'ambito delle categorie: community, documentazione, funzionalità del core e plugins.</text><text lang=\"en\">Share your ideas on how improve Entando Project!&#xD;\nThe best ideas bubble up to the top. Provide your responses within Community, Documentation, Core Features and Plugins categories.</text></attribute><attribute name=\"Body\" attributetype=\"Hypertext\"><hypertext lang=\"it\"><![CDATA[<p><strong>Condividi le tue idee su come migliorare il progetto Entando!</strong></p>\n<ul>\n    <li><strong>Contribuisci</strong>: condividi le tue idee su jAPS 2.0 Project</li>\n    <li><strong>Discuti</strong>: discuti le idee con la community</li>\n    <li><strong>Vota</strong>: valuta le idee degli altri e vota quella che pi&ugrave; ti piace</li>\n</ul>\n<p>Condividi le tue idee nell\'ambito delle seguenti categorie relative al progetto Entando: <strong>community</strong>, <strong>documentazione</strong>, <strong>funzionalit&agrave; del core</strong> e <strong>plugins</strong>.</p>]]></hypertext><hypertext lang=\"en\"><![CDATA[<p><strong>Share your ideas on how improve Entando Project</strong>!</p>\n<ul>\n    <li><strong>Contribute</strong>: share your ideas on jAPS 2.0 Project</li>\n    <li><strong>Discuss</strong>: brainstorm ideas with other to make them even better</li>\n    <li><strong>Vote</strong>: check out other people\'s ideas, and vote on the ones you like best</li>\n</ul>\n<p><strong>The best ideas bubble up to the top. </strong></p>\n<p>Provide your responses within these Entando categories: <strong>Community</strong>, <strong>Documentation</strong>, <strong>Core</strong> <strong>Features</strong> and <strong>Plugins</strong>.</p>]]></hypertext></attribute><attribute name=\"Image1\" attributetype=\"Image\"><resource resourcetype=\"Image\" id=\"18\" lang=\"en\" /><text lang=\"it\">Logo Ideascale</text><text lang=\"en\">Ideascale Logo</text></attribute><attribute name=\"Image2\" attributetype=\"Image\"><resource resourcetype=\"Image\" id=\"26\" lang=\"en\" /><text lang=\"it\">Contribuisci</text><text lang=\"en\">Contribute</text></attribute><list attributetype=\"Monolist\" name=\"Attach\" nestedtype=\"Attach\" /><list attributetype=\"Monolist\" name=\"Links\" nestedtype=\"Link\"><attribute name=\"Links\" attributetype=\"Link\"><link type=\"external\"><urldest>http://japsplatform.ideascale.com/</urldest></link><text lang=\"it\">Condividi la tua idea sul progetto Entando</text><text lang=\"en\">Share your Idea for Entando Project</text></attribute></list></attributes><status>PUBLIC</status><version>4.0</version><lastEditor>jeff</lastEditor><created>20110926141219</created><lastModified>20110927183550</lastModified></content>\n','20110926141219','20110927183550','<?xml version=\"1.0\" encoding=\"UTF-8\"?>\n<content id=\"NEW19\" typecode=\"NEW\" typedescr=\"News\"><descr>Entando IdeaScale</descr><groups mainGroup=\"free\"><group name=\"free\" /></groups><categories /><attributes><attribute name=\"Title\" attributetype=\"Text\"><text lang=\"it\">Contribuisci al progetto Entando: proponi la tua idea</text><text lang=\"en\">Contribute to Entando Project: submit your Idea and Suggestion</text></attribute><attribute name=\"Date\" attributetype=\"Date\"><date>20111020</date></attribute><attribute name=\"Abstract\" attributetype=\"Longtext\"><text lang=\"it\">Condividi le tue idee su come migliorare il progetto jAPS 2.0 nell\'ambito delle categorie: community, documentazione, funzionalità del core e plugins.</text><text lang=\"en\">Share your ideas on how improve Entando Project!&#xD;\nThe best ideas bubble up to the top. Provide your responses within Community, Documentation, Core Features and Plugins categories.</text></attribute><attribute name=\"Body\" attributetype=\"Hypertext\"><hypertext lang=\"it\"><![CDATA[<p><strong>Condividi le tue idee su come migliorare il progetto Entando!</strong></p>\n<ul>\n    <li><strong>Contribuisci</strong>: condividi le tue idee su jAPS 2.0 Project</li>\n    <li><strong>Discuti</strong>: discuti le idee con la community</li>\n    <li><strong>Vota</strong>: valuta le idee degli altri e vota quella che pi&ugrave; ti piace</li>\n</ul>\n<p>Condividi le tue idee nell\'ambito delle seguenti categorie relative al progetto Entando: <strong>community</strong>, <strong>documentazione</strong>, <strong>funzionalit&agrave; del core</strong> e <strong>plugins</strong>.</p>]]></hypertext><hypertext lang=\"en\"><![CDATA[<p><strong>Share your ideas on how improve Entando Project</strong>!</p>\n<ul>\n    <li><strong>Contribute</strong>: share your ideas on jAPS 2.0 Project</li>\n    <li><strong>Discuss</strong>: brainstorm ideas with other to make them even better</li>\n    <li><strong>Vote</strong>: check out other people\'s ideas, and vote on the ones you like best</li>\n</ul>\n<p><strong>The best ideas bubble up to the top. </strong></p>\n<p>Provide your responses within these Entando categories: <strong>Community</strong>, <strong>Documentation</strong>, <strong>Core</strong> <strong>Features</strong> and <strong>Plugins</strong>.</p>]]></hypertext></attribute><attribute name=\"Image1\" attributetype=\"Image\"><resource resourcetype=\"Image\" id=\"18\" lang=\"en\" /><text lang=\"it\">Logo Ideascale</text><text lang=\"en\">Ideascale Logo</text></attribute><attribute name=\"Image2\" attributetype=\"Image\"><resource resourcetype=\"Image\" id=\"26\" lang=\"en\" /><text lang=\"it\">Contribuisci</text><text lang=\"en\">Contribute</text></attribute><list attributetype=\"Monolist\" name=\"Attach\" nestedtype=\"Attach\" /><list attributetype=\"Monolist\" name=\"Links\" nestedtype=\"Link\"><attribute name=\"Links\" attributetype=\"Link\"><link type=\"external\"><urldest>http://japsplatform.ideascale.com/</urldest></link><text lang=\"it\">Condividi la tua idea sul progetto Entando</text><text lang=\"en\">Share your Idea for Entando Project</text></attribute></list></attributes><status>PUBLIC</status><version>4.0</version><lastEditor>jeff</lastEditor><created>20110926141219</created><lastModified>20110927183550</lastModified></content>\n','free','4.0','jeff'),('NEW21','NEW','Intranet Area','PUBLIC','<?xml version=\"1.0\" encoding=\"UTF-8\"?>\n<content id=\"NEW21\" typecode=\"NEW\" typedescr=\"News\"><descr>Intranet Area</descr><groups mainGroup=\"administrators\"><group name=\"intranet\" /></groups><categories /><attributes><attribute name=\"Title\" attributetype=\"Text\"><text lang=\"it\">Benvenuti nell\'area Intranet dedicata ai collaboratori</text><text lang=\"en\">Welcome to the Intranet Area for co-workers</text></attribute><attribute name=\"Date\" attributetype=\"Date\"><date>20111214</date></attribute><attribute name=\"Abstract\" attributetype=\"Longtext\"><text lang=\"it\">Nell\'area Intranet è possibile trovare informazioni riservate ai collaboratori.</text><text lang=\"en\">In the Intranet Area you can find reserved informations for co-workers.</text></attribute><attribute name=\"Body\" attributetype=\"Hypertext\"><hypertext lang=\"it\"><![CDATA[<p>Nell\'area Intranet &egrave; possibile trovare informazioni riservate ai collaboratori.</p>]]></hypertext><hypertext lang=\"en\"><![CDATA[<p>In the Intranet Area are available information and services reserved to co-workers.</p>]]></hypertext></attribute><attribute name=\"Image1\" attributetype=\"Image\"><resource resourcetype=\"Image\" id=\"20\" lang=\"en\" /><text lang=\"en\">Intranet Area</text></attribute><attribute name=\"Image2\" attributetype=\"Image\" /><list attributetype=\"Monolist\" name=\"Attach\" nestedtype=\"Attach\" /><list attributetype=\"Monolist\" name=\"Links\" nestedtype=\"Link\" /></attributes><status>PUBLIC</status><version>16.0</version><lastEditor>jeff</lastEditor><created>20110926141837</created><lastModified>20111118123229</lastModified></content>\n','20110926141837','20111118123229','<?xml version=\"1.0\" encoding=\"UTF-8\"?>\n<content id=\"NEW21\" typecode=\"NEW\" typedescr=\"News\"><descr>Intranet Area</descr><groups mainGroup=\"administrators\"><group name=\"intranet\" /></groups><categories /><attributes><attribute name=\"Title\" attributetype=\"Text\"><text lang=\"it\">Benvenuti nell\'area Intranet dedicata ai collaboratori</text><text lang=\"en\">Welcome to the Intranet Area for co-workers</text></attribute><attribute name=\"Date\" attributetype=\"Date\"><date>20111214</date></attribute><attribute name=\"Abstract\" attributetype=\"Longtext\"><text lang=\"it\">Nell\'area Intranet è possibile trovare informazioni riservate ai collaboratori.</text><text lang=\"en\">In the Intranet Area you can find reserved informations for co-workers.</text></attribute><attribute name=\"Body\" attributetype=\"Hypertext\"><hypertext lang=\"it\"><![CDATA[<p>Nell\'area Intranet &egrave; possibile trovare informazioni riservate ai collaboratori.</p>]]></hypertext><hypertext lang=\"en\"><![CDATA[<p>In the Intranet Area are available information and services reserved to co-workers.</p>]]></hypertext></attribute><attribute name=\"Image1\" attributetype=\"Image\"><resource resourcetype=\"Image\" id=\"20\" lang=\"en\" /><text lang=\"en\">Intranet Area</text></attribute><attribute name=\"Image2\" attributetype=\"Image\" /><list attributetype=\"Monolist\" name=\"Attach\" nestedtype=\"Attach\" /><list attributetype=\"Monolist\" name=\"Links\" nestedtype=\"Link\" /></attributes><status>PUBLIC</status><version>16.0</version><lastEditor>jeff</lastEditor><created>20110926141837</created><lastModified>20111118123229</lastModified></content>\n','administrators','16.0','jeff'),('NEW22','NEW','Company Meeting','PUBLIC','<?xml version=\"1.0\" encoding=\"UTF-8\"?>\n<content id=\"NEW22\" typecode=\"NEW\" typedescr=\"News\"><descr>Company Meeting</descr><groups mainGroup=\"administrators\"><group name=\"intranet\" /></groups><categories /><attributes><attribute name=\"Title\" attributetype=\"Text\"><text lang=\"it\">Incontro riservato ai collaboratori</text><text lang=\"en\">Meeting reserved for co-workers</text></attribute><attribute name=\"Date\" attributetype=\"Date\"><date>20111124</date></attribute><attribute name=\"Abstract\" attributetype=\"Longtext\"><text lang=\"it\">Presto verrà organizzato un incontro riservato ai collaboratori dell\'azienda.</text><text lang=\"en\">Soon we organize a meeting reserved to co-workers</text></attribute><attribute name=\"Body\" attributetype=\"Hypertext\"><hypertext lang=\"it\"><![CDATA[<p>Presto verr&agrave; organizzato un incontro riservato ai collaboratori dell\'azienda.</p>]]></hypertext><hypertext lang=\"en\"><![CDATA[<p>Soon we organize a meeting reserved to co-workers</p>]]></hypertext></attribute><attribute name=\"Image1\" attributetype=\"Image\"><resource resourcetype=\"Image\" id=\"10\" lang=\"en\" /><text lang=\"en\">Meeting</text></attribute><attribute name=\"Image2\" attributetype=\"Image\"><resource resourcetype=\"Image\" id=\"24\" lang=\"en\" /><text lang=\"en\">Company Meeting</text></attribute><list attributetype=\"Monolist\" name=\"Attach\" nestedtype=\"Attach\" /><list attributetype=\"Monolist\" name=\"Links\" nestedtype=\"Link\" /></attributes><status>PUBLIC</status><version>4.0</version><lastEditor>jeff</lastEditor><created>20110926142222</created><lastModified>20110927183357</lastModified></content>\n','20110926142222','20110927183357','<?xml version=\"1.0\" encoding=\"UTF-8\"?>\n<content id=\"NEW22\" typecode=\"NEW\" typedescr=\"News\"><descr>Company Meeting</descr><groups mainGroup=\"administrators\"><group name=\"intranet\" /></groups><categories /><attributes><attribute name=\"Title\" attributetype=\"Text\"><text lang=\"it\">Incontro riservato ai collaboratori</text><text lang=\"en\">Meeting reserved for co-workers</text></attribute><attribute name=\"Date\" attributetype=\"Date\"><date>20111124</date></attribute><attribute name=\"Abstract\" attributetype=\"Longtext\"><text lang=\"it\">Presto verrà organizzato un incontro riservato ai collaboratori dell\'azienda.</text><text lang=\"en\">Soon we organize a meeting reserved to co-workers</text></attribute><attribute name=\"Body\" attributetype=\"Hypertext\"><hypertext lang=\"it\"><![CDATA[<p>Presto verr&agrave; organizzato un incontro riservato ai collaboratori dell\'azienda.</p>]]></hypertext><hypertext lang=\"en\"><![CDATA[<p>Soon we organize a meeting reserved to co-workers</p>]]></hypertext></attribute><attribute name=\"Image1\" attributetype=\"Image\"><resource resourcetype=\"Image\" id=\"10\" lang=\"en\" /><text lang=\"en\">Meeting</text></attribute><attribute name=\"Image2\" attributetype=\"Image\"><resource resourcetype=\"Image\" id=\"24\" lang=\"en\" /><text lang=\"en\">Company Meeting</text></attribute><list attributetype=\"Monolist\" name=\"Attach\" nestedtype=\"Attach\" /><list attributetype=\"Monolist\" name=\"Links\" nestedtype=\"Link\" /></attributes><status>PUBLIC</status><version>4.0</version><lastEditor>jeff</lastEditor><created>20110926142222</created><lastModified>20110927183357</lastModified></content>\n','administrators','4.0','jeff'),('NEW30','NEW','Now are available the Reports for customers','PUBLIC','<?xml version=\"1.0\" encoding=\"UTF-8\"?>\n<content id=\"NEW30\" typecode=\"NEW\" typedescr=\"News\"><descr>Now are available the Reports for customers</descr><groups mainGroup=\"administrators\"><group name=\"customers\" /></groups><categories /><attributes><attribute name=\"Title\" attributetype=\"Text\"><text lang=\"it\">Ora sono disponibili i report per i clienti</text><text lang=\"en\">New reports for customers now available</text></attribute><attribute name=\"Date\" attributetype=\"Date\"><date>20111116</date></attribute><attribute name=\"Abstract\" attributetype=\"Longtext\"><text lang=\"it\">Ora sono disponibili i report per i clienti nell\'area riservata</text><text lang=\"en\">New reports for customers are available in the reserved area</text></attribute><attribute name=\"Body\" attributetype=\"Hypertext\"><hypertext lang=\"it\"><![CDATA[<p>Ora sono disponibili i report per i clienti nell\'area riservata</p>]]></hypertext><hypertext lang=\"en\"><![CDATA[<p>New reports for customers are available in the reserved area.</p>]]></hypertext></attribute><attribute name=\"Image1\" attributetype=\"Image\"><resource resourcetype=\"Image\" id=\"31\" lang=\"en\" /><text lang=\"en\">Analytics</text></attribute><attribute name=\"Image2\" attributetype=\"Image\" /><list attributetype=\"Monolist\" name=\"Attach\" nestedtype=\"Attach\" /><list attributetype=\"Monolist\" name=\"Links\" nestedtype=\"Link\" /></attributes><status>PUBLIC</status><version>4.0</version><lastEditor>jeff</lastEditor><created>20110926150343</created><lastModified>20110928152917</lastModified></content>\n','20110926150343','20110928152917','<?xml version=\"1.0\" encoding=\"UTF-8\"?>\n<content id=\"NEW30\" typecode=\"NEW\" typedescr=\"News\"><descr>Now are available the Reports for customers</descr><groups mainGroup=\"administrators\"><group name=\"customers\" /></groups><categories /><attributes><attribute name=\"Title\" attributetype=\"Text\"><text lang=\"it\">Ora sono disponibili i report per i clienti</text><text lang=\"en\">New reports for customers now available</text></attribute><attribute name=\"Date\" attributetype=\"Date\"><date>20111116</date></attribute><attribute name=\"Abstract\" attributetype=\"Longtext\"><text lang=\"it\">Ora sono disponibili i report per i clienti nell\'area riservata</text><text lang=\"en\">New reports for customers are available in the reserved area</text></attribute><attribute name=\"Body\" attributetype=\"Hypertext\"><hypertext lang=\"it\"><![CDATA[<p>Ora sono disponibili i report per i clienti nell\'area riservata</p>]]></hypertext><hypertext lang=\"en\"><![CDATA[<p>New reports for customers are available in the reserved area.</p>]]></hypertext></attribute><attribute name=\"Image1\" attributetype=\"Image\"><resource resourcetype=\"Image\" id=\"31\" lang=\"en\" /><text lang=\"en\">Analytics</text></attribute><attribute name=\"Image2\" attributetype=\"Image\" /><list attributetype=\"Monolist\" name=\"Attach\" nestedtype=\"Attach\" /><list attributetype=\"Monolist\" name=\"Links\" nestedtype=\"Link\" /></attributes><status>PUBLIC</status><version>4.0</version><lastEditor>jeff</lastEditor><created>20110926150343</created><lastModified>20110928152917</lastModified></content>\n','administrators','4.0','jeff'),('NEW33','NEW','New Customer Services','PUBLIC','<?xml version=\"1.0\" encoding=\"UTF-8\"?>\n<content id=\"NEW33\" typecode=\"NEW\" typedescr=\"News\"><descr>New Customer Services</descr><groups mainGroup=\"administrators\" /><categories /><attributes><attribute name=\"Title\" attributetype=\"Text\"><text lang=\"it\">Nuovi servizi per i clienti</text><text lang=\"en\">New customer Services</text></attribute><attribute name=\"Date\" attributetype=\"Date\"><date>20111201</date></attribute><attribute name=\"Abstract\" attributetype=\"Longtext\"><text lang=\"it\">Nuovi servizi per i clienti sono disponibili nell\'area riservata</text><text lang=\"en\">New services for customers are available in the reserved area.</text></attribute><attribute name=\"Body\" attributetype=\"Hypertext\"><hypertext lang=\"it\"><![CDATA[<p>Nuovi servizi per i clienti sono disponibili nell\'area riservata.</p>]]></hypertext><hypertext lang=\"en\"><![CDATA[<p>New services for customers are available in the reserved area.<br />\n&nbsp;</p>]]></hypertext></attribute><attribute name=\"Image1\" attributetype=\"Image\"><resource resourcetype=\"Image\" id=\"32\" lang=\"en\" /><text lang=\"it\">Servizi clienti</text><text lang=\"en\">Customer Services</text></attribute><attribute name=\"Image2\" attributetype=\"Image\" /><list attributetype=\"Monolist\" name=\"Attach\" nestedtype=\"Attach\" /><list attributetype=\"Monolist\" name=\"Links\" nestedtype=\"Link\" /></attributes><status>PUBLIC</status><version>6.0</version><lastEditor>jeff</lastEditor><created>20110926151115</created><lastModified>20110927183315</lastModified></content>\n','20110926151115','20110927183315','<?xml version=\"1.0\" encoding=\"UTF-8\"?>\n<content id=\"NEW33\" typecode=\"NEW\" typedescr=\"News\"><descr>New Customer Services</descr><groups mainGroup=\"administrators\" /><categories /><attributes><attribute name=\"Title\" attributetype=\"Text\"><text lang=\"it\">Nuovi servizi per i clienti</text><text lang=\"en\">New customer Services</text></attribute><attribute name=\"Date\" attributetype=\"Date\"><date>20111201</date></attribute><attribute name=\"Abstract\" attributetype=\"Longtext\"><text lang=\"it\">Nuovi servizi per i clienti sono disponibili nell\'area riservata</text><text lang=\"en\">New services for customers are available in the reserved area.</text></attribute><attribute name=\"Body\" attributetype=\"Hypertext\"><hypertext lang=\"it\"><![CDATA[<p>Nuovi servizi per i clienti sono disponibili nell\'area riservata.</p>]]></hypertext><hypertext lang=\"en\"><![CDATA[<p>New services for customers are available in the reserved area.<br />\n&nbsp;</p>]]></hypertext></attribute><attribute name=\"Image1\" attributetype=\"Image\"><resource resourcetype=\"Image\" id=\"32\" lang=\"en\" /><text lang=\"it\">Servizi clienti</text><text lang=\"en\">Customer Services</text></attribute><attribute name=\"Image2\" attributetype=\"Image\" /><list attributetype=\"Monolist\" name=\"Attach\" nestedtype=\"Attach\" /><list attributetype=\"Monolist\" name=\"Links\" nestedtype=\"Link\" /></attributes><status>PUBLIC</status><version>6.0</version><lastEditor>jeff</lastEditor><created>20110926151115</created><lastModified>20110927183315</lastModified></content>\n','administrators','6.0','jeff'),('TST2','TST','Contenuto 1','PUBLIC','<?xml version=\"1.0\" encoding=\"UTF-8\"?>\n<content id=\"TST2\" typecode=\"TST\" typedescr=\"Test Type\"><descr>Contenuto 1</descr><groups mainGroup=\"free\" /><categories /><attributes><attribute name=\"Title\" attributetype=\"Text\"><text lang=\"it\">Contenuto 1</text><text lang=\"en\">Contenuto 1</text></attribute></attributes><status>PUBLIC</status><version>1.0</version><lastEditor>jeff</lastEditor><created>20110905174152</created><lastModified>20110905174152</lastModified></content>\n','20110905174152','20110905174152','<?xml version=\"1.0\" encoding=\"UTF-8\"?>\n<content id=\"TST2\" typecode=\"TST\" typedescr=\"Test Type\"><descr>Contenuto 1</descr><groups mainGroup=\"free\" /><categories /><attributes><attribute name=\"Title\" attributetype=\"Text\"><text lang=\"it\">Contenuto 1</text><text lang=\"en\">Contenuto 1</text></attribute></attributes><status>PUBLIC</status><version>1.0</version><lastEditor>jeff</lastEditor><created>20110905174152</created><lastModified>20110905174152</lastModified></content>\n','free','1.0','jeff'),('TST3','TST','Contenuto 2','PUBLIC','<?xml version=\"1.0\" encoding=\"UTF-8\"?>\n<content id=\"TST3\" typecode=\"TST\" typedescr=\"Test Type\"><descr>Contenuto 2</descr><groups mainGroup=\"free\" /><categories /><attributes><attribute name=\"Title\" attributetype=\"Text\"><text lang=\"it\">Contenuto 2</text><text lang=\"en\">Contenuto 2</text></attribute></attributes><status>PUBLIC</status><version>1.0</version><lastEditor>jeff</lastEditor><created>20110905174213</created><lastModified>20110905174213</lastModified></content>\n','20110905174213','20110905174213','<?xml version=\"1.0\" encoding=\"UTF-8\"?>\n<content id=\"TST3\" typecode=\"TST\" typedescr=\"Test Type\"><descr>Contenuto 2</descr><groups mainGroup=\"free\" /><categories /><attributes><attribute name=\"Title\" attributetype=\"Text\"><text lang=\"it\">Contenuto 2</text><text lang=\"en\">Contenuto 2</text></attribute></attributes><status>PUBLIC</status><version>1.0</version><lastEditor>jeff</lastEditor><created>20110905174213</created><lastModified>20110905174213</lastModified></content>\n','free','1.0','jeff'),('TST4','TST','Contenuto 3','PUBLIC','<?xml version=\"1.0\" encoding=\"UTF-8\"?>\n<content id=\"TST4\" typecode=\"TST\" typedescr=\"Test Type\"><descr>Contenuto 3</descr><groups mainGroup=\"free\" /><categories /><attributes><attribute name=\"Title\" attributetype=\"Text\"><text lang=\"it\">Contenuto 3</text><text lang=\"en\">Contenuto 3</text></attribute></attributes><status>PUBLIC</status><version>1.0</version><lastEditor>jeff</lastEditor><created>20110905174237</created><lastModified>20110905174237</lastModified></content>\n','20110905174237','20110905174237','<?xml version=\"1.0\" encoding=\"UTF-8\"?>\n<content id=\"TST4\" typecode=\"TST\" typedescr=\"Test Type\"><descr>Contenuto 3</descr><groups mainGroup=\"free\" /><categories /><attributes><attribute name=\"Title\" attributetype=\"Text\"><text lang=\"it\">Contenuto 3</text><text lang=\"en\">Contenuto 3</text></attribute></attributes><status>PUBLIC</status><version>1.0</version><lastEditor>jeff</lastEditor><created>20110905174237</created><lastModified>20110905174237</lastModified></content>\n','free','1.0','jeff'),('YTB58','YTB','Entando Backoffice','PUBLIC','<?xml version=\"1.0\" encoding=\"UTF-8\"?>\n<content id=\"YTB58\" typecode=\"YTB\" typedescr=\"Youtube Video\"><descr>Entando Backoffice</descr><groups mainGroup=\"free\" /><categories /><attributes><attribute name=\"VideoCode\" attributetype=\"Text\"><text lang=\"en\">sU7fHpQokW4</text></attribute><attribute name=\"Title\" attributetype=\"Text\"><text lang=\"en\">Entando Backoffice Demo</text></attribute><attribute name=\"Abstract\" attributetype=\"Longtext\"><text lang=\"en\">Backoffice preview.</text></attribute><attribute name=\"Body\" attributetype=\"Hypertext\"><hypertext lang=\"en\"><![CDATA[<p>Backoffice preview.</p>]]></hypertext></attribute><list attributetype=\"Monolist\" name=\"Attach\" nestedtype=\"Attach\" /><list attributetype=\"Monolist\" name=\"Links\" nestedtype=\"Link\" /></attributes><status>PUBLIC</status><version>1.0</version><lastEditor>jeff</lastEditor><created>20111116175139</created><lastModified>20111116175139</lastModified></content>\n','20111116175139','20111116175139','<?xml version=\"1.0\" encoding=\"UTF-8\"?>\n<content id=\"YTB58\" typecode=\"YTB\" typedescr=\"Youtube Video\"><descr>Entando Backoffice</descr><groups mainGroup=\"free\" /><categories /><attributes><attribute name=\"VideoCode\" attributetype=\"Text\"><text lang=\"en\">sU7fHpQokW4</text></attribute><attribute name=\"Title\" attributetype=\"Text\"><text lang=\"en\">Entando Backoffice Demo</text></attribute><attribute name=\"Abstract\" attributetype=\"Longtext\"><text lang=\"en\">Backoffice preview.</text></attribute><attribute name=\"Body\" attributetype=\"Hypertext\"><hypertext lang=\"en\"><![CDATA[<p>Backoffice preview.</p>]]></hypertext></attribute><list attributetype=\"Monolist\" name=\"Attach\" nestedtype=\"Attach\" /><list attributetype=\"Monolist\" name=\"Links\" nestedtype=\"Link\" /></attributes><status>PUBLIC</status><version>1.0</version><lastEditor>jeff</lastEditor><created>20111116175139</created><lastModified>20111116175139</lastModified></content>\n','free','1.0','jeff');
/*!40000 ALTER TABLE `contents` ENABLE KEYS */;
UNLOCK TABLES;

--
-- Table structure for table `contentsearch`
--

DROP TABLE IF EXISTS `contentsearch`;
/*!40101 SET @saved_cs_client     = @@character_set_client */;
/*!40101 SET character_set_client = utf8 */;
CREATE TABLE `contentsearch` (
  `contentid` varchar(16) NOT NULL,
  `attrname` varchar(30) NOT NULL,
  `textvalue` varchar(255) DEFAULT NULL,
  `datevalue` date DEFAULT NULL,
  `numvalue` int(11) DEFAULT NULL,
  `langcode` varchar(2) DEFAULT NULL,
  KEY `contentsearch_contentid_fkey` (`contentid`),
  CONSTRAINT `contentsearch_contentid_fkey` FOREIGN KEY (`contentid`) REFERENCES `contents` (`contentid`) ON DELETE NO ACTION ON UPDATE NO ACTION
) ENGINE=InnoDB DEFAULT CHARSET=utf8;
/*!40101 SET character_set_client = @saved_cs_client */;

--
-- Dumping data for table `contentsearch`
--

LOCK TABLES `contentsearch` WRITE;
/*!40000 ALTER TABLE `contentsearch` DISABLE KEYS */;
INSERT INTO `contentsearch` VALUES ('NEW12','Title','Entando on Osor.eu, the Open Source Observatory and Repository for the public administration',NULL,NULL,'en'),('NEW12','Title','Entando on Osor.eu, the Open Source Observatory and Repository for the public administration',NULL,NULL,'it'),('NEW12','Date',NULL,'2011-10-06',NULL,NULL),('NEW17','Title','Release of Entando version 2.4.0.1',NULL,NULL,'en'),('NEW17','Title','Rilascio di Entando versione 2.4.0.1',NULL,NULL,'it'),('NEW17','Date',NULL,'2011-12-07',NULL,NULL),('TST2','Title','Contenuto 1',NULL,NULL,'en'),('TST2','Title','Contenuto 1',NULL,NULL,'it'),('TST4','Title','Contenuto 3',NULL,NULL,'en'),('TST4','Title','Contenuto 3',NULL,NULL,'it'),('TST3','Title','Contenuto 2',NULL,NULL,'en'),('TST3','Title','Contenuto 2',NULL,NULL,'it'),('NEW15','Title','LIVE EVENT - Portal and Business Intelligence: across organizational boundaries',NULL,NULL,'en'),('NEW15','Title','EVENTO LIVE - Il Portale e la Business Intelligence: oltre i confini dell\'organizzazione',NULL,NULL,'it'),('NEW15','Date',NULL,'2011-09-29',NULL,NULL),('NEW11','Title','Webcast: \"Portal Meets Business Intelligence: 3A Latte Arborea, a Case Study about Dairy and Farming in Italy\"',NULL,NULL,'en'),('NEW11','Title','Webcast sull\'integrazione della piattaforma jAPS 2.0 entando e Pentaho Business Intelligence',NULL,NULL,'it'),('NEW11','Date',NULL,'2011-05-24',NULL,NULL),('NEW33','Title','New customer Services',NULL,NULL,'en'),('NEW33','Title','Nuovi servizi per i clienti',NULL,NULL,'it'),('NEW33','Date',NULL,'2011-12-01',NULL,NULL),('NEW21','Title','Welcome to the Intranet Area for co-workers',NULL,NULL,'en'),('NEW21','Title','Benvenuti nell\'area Intranet dedicata ai collaboratori',NULL,NULL,'it'),('NEW21','Date',NULL,'2011-12-14',NULL,NULL),('NEW22','Title','Meeting reserved for co-workers',NULL,NULL,'en'),('NEW22','Title','Incontro riservato ai collaboratori',NULL,NULL,'it'),('NEW22','Date',NULL,'2011-11-24',NULL,NULL),('NEW30','Title','New reports for customers now available',NULL,NULL,'en'),('NEW30','Title','Ora sono disponibili i report per i clienti',NULL,NULL,'it'),('NEW30','Date',NULL,'2011-11-16',NULL,NULL),('NEW19','Title','Contribute to Entando Project: submit your Idea and Suggestion',NULL,NULL,'en'),('NEW19','Title','Contribuisci al progetto Entando: proponi la tua idea',NULL,NULL,'it'),('NEW19','Date',NULL,'2011-10-20',NULL,NULL),('CNG45','Title','My Entando APP',NULL,NULL,'en'),('CNG45','Title','APP My Entando',NULL,NULL,'it'),('CNG56','Title','Welcome to Entando Portal Demo',NULL,NULL,'en'),('CNG56','Title','Benvenuto in Entando Portal Demo',NULL,NULL,'it'),('CNG55','Title','Some useful links',NULL,NULL,'en'),('CNG55','Title','Collegamenti utili',NULL,NULL,'it'),('YTB58','Title','Entando Backoffice Demo',NULL,NULL,'en'),('YTB58','Title','Entando Backoffice Demo',NULL,NULL,'it'),('DWN49','Title','Intranet Documentation',NULL,NULL,'en'),('DWN49','Title','Documentazione per Intranet',NULL,NULL,'it'),('DWN47','Title','Customer Best Practice',NULL,NULL,'en'),('DWN47','Title','Customer Best Practice',NULL,NULL,'it'),('DWN38','Title','Entando System Requirements',NULL,NULL,'en'),('DWN38','Title','Entando - Requisiti di sistema',NULL,NULL,'it'),('DWN44','Title','Business Plan',NULL,NULL,'en'),('DWN44','Title','Business Plan',NULL,NULL,'it'),('DWN51','Title','Customer Agreement',NULL,NULL,'en'),('DWN51','Title','Contratto Clienti',NULL,NULL,'it'),('DWN53','Title','Entando Model',NULL,NULL,'en'),('DWN53','Title','Il Modello Entando',NULL,NULL,'it'),('DWN40','Title','Product Details',NULL,NULL,'en'),('DWN40','Title','Scheda Prodotto',NULL,NULL,'it'),('CNG59','Title','Entando',NULL,NULL,'en'),('CNG59','Title','Entando',NULL,NULL,'it');
/*!40000 ALTER TABLE `contentsearch` ENABLE KEYS */;
UNLOCK TABLES;

--
-- Table structure for table `jpcontentfeedback_comments`
--

DROP TABLE IF EXISTS `jpcontentfeedback_comments`;
/*!40101 SET @saved_cs_client     = @@character_set_client */;
/*!40101 SET character_set_client = utf8 */;
CREATE TABLE `jpcontentfeedback_comments` (
  `id` int(11) NOT NULL,
  `contentid` varchar(16) NOT NULL,
  `creationdate` timestamp NOT NULL DEFAULT '0000-00-00 00:00:00',
  `usercomment` longtext NOT NULL,
  `status` int(11) NOT NULL,
  `username` varchar(40) NOT NULL,
  PRIMARY KEY (`id`)
) ENGINE=InnoDB DEFAULT CHARSET=utf8;
/*!40101 SET character_set_client = @saved_cs_client */;

--
-- Dumping data for table `jpcontentfeedback_comments`
--

LOCK TABLES `jpcontentfeedback_comments` WRITE;
/*!40000 ALTER TABLE `jpcontentfeedback_comments` DISABLE KEYS */;
/*!40000 ALTER TABLE `jpcontentfeedback_comments` ENABLE KEYS */;
UNLOCK TABLES;

--
-- Table structure for table `jpcontentfeedback_rating`
--

DROP TABLE IF EXISTS `jpcontentfeedback_rating`;
/*!40101 SET @saved_cs_client     = @@character_set_client */;
/*!40101 SET character_set_client = utf8 */;
CREATE TABLE `jpcontentfeedback_rating` (
  `id` int(11) NOT NULL,
  `commentid` int(11) DEFAULT NULL,
  `contentid` varchar(16) DEFAULT NULL,
  `voters` int(11) DEFAULT NULL,
  `sumvote` int(11) DEFAULT NULL,
  PRIMARY KEY (`id`),
  KEY `jpcontentfeedback_rating_refcommentid_fkey` (`commentid`),
  CONSTRAINT `jpcontentfeedback_rating_refcommentid_fkey` FOREIGN KEY (`commentid`) REFERENCES `jpcontentfeedback_comments` (`id`) ON DELETE NO ACTION ON UPDATE NO ACTION
) ENGINE=InnoDB DEFAULT CHARSET=utf8;
/*!40101 SET character_set_client = @saved_cs_client */;

--
-- Dumping data for table `jpcontentfeedback_rating`
--

LOCK TABLES `jpcontentfeedback_rating` WRITE;
/*!40000 ALTER TABLE `jpcontentfeedback_rating` DISABLE KEYS */;
/*!40000 ALTER TABLE `jpcontentfeedback_rating` ENABLE KEYS */;
UNLOCK TABLES;

--
-- Table structure for table `jpmyportalplus_userpageconfig`
--

DROP TABLE IF EXISTS `jpmyportalplus_userpageconfig`;
/*!40101 SET @saved_cs_client     = @@character_set_client */;
/*!40101 SET character_set_client = utf8 */;
CREATE TABLE `jpmyportalplus_userpageconfig` (
  `username` varchar(40) DEFAULT NULL,
  `pagecode` varchar(30) NOT NULL,
  `framepos` int(11) NOT NULL,
  `showletcode` varchar(40) NOT NULL,
  `config` longtext,
  `closed` int(11) NOT NULL,
  KEY `jpmyportalplus_userpageconfig_pkey` (`username`,`framepos`,`pagecode`),
  KEY `jpmyportalplus_userpageconfig_pagecode_fkey` (`pagecode`),
  CONSTRAINT `jpmyportalplus_userpageconfig_pagecode_fkey` FOREIGN KEY (`pagecode`) REFERENCES `pages` (`code`) ON DELETE NO ACTION ON UPDATE NO ACTION
) ENGINE=InnoDB DEFAULT CHARSET=utf8;
/*!40101 SET character_set_client = @saved_cs_client */;

--
-- Dumping data for table `jpmyportalplus_userpageconfig`
--

LOCK TABLES `jpmyportalplus_userpageconfig` WRITE;
/*!40000 ALTER TABLE `jpmyportalplus_userpageconfig` DISABLE KEYS */;
INSERT INTO `jpmyportalplus_userpageconfig` VALUES ('caroline','homepage',23,'jpmyportalplus_void',NULL,0),('caroline','homepage',24,'jpmyportalplus_void',NULL,0),('caroline','homepage',25,'jpmyportalplus_void',NULL,0),('caroline','homepage',73,'jpmyportalplus_void',NULL,0),('caroline','homepage',74,'jpmyportalplus_void',NULL,0),('caroline','homepage',123,'jpmyportalplus_void',NULL,0),('caroline','homepage',124,'jpmyportalplus_void',NULL,0),('jeff','homepage',14,'jpsurvey_questionnaireList',NULL,0),('max','homepage',66,'jpmyportalplus_void',NULL,0),('max','homepage',73,'jpmyportalplus_void',NULL,0),('max','homepage',123,'jpmyportalplus_void',NULL,0),('max','homepage',67,'jpmyportalplus_void',NULL,0),('max','homepage',117,'jpmyportalplus_void',NULL,0),('max','homepage',14,'latest_news','<?xml version=\"1.0\" encoding=\"UTF-8\"?>\n<properties>\n<property key=\"linkDescr_it\">Configura</property>\n<property key=\"maxElemForItem\">1</property>\n<property key=\"pageLink\">news_style1</property>\n<property key=\"filters\">(order=DESC;attributeFilter=true;key=Date)</property>\n<property key=\"linkDescr_en\">Configure</property>\n<property key=\"modelId\">26</property>\n<property key=\"contentType\">NEW</property>\n</properties>\n\n',0),('max','homepage',124,'jpmyportalplus_void',NULL,0),('max','homepage',125,'jpmyportalplus_void',NULL,0),('max','homepage',74,'jpmyportalplus_void',NULL,0),('max','homepage',23,'jpmyportalplus_void',NULL,0),('max','homepage',24,'jpmyportalplus_void',NULL,0),('jeff','homepage',124,'jpmyportalplus_void',NULL,0),('jeff','homepage',125,'jpmyportalplus_void',NULL,0),('jeff','homepage',22,'jpmyportalplus_void',NULL,0),('jeff','homepage',76,'jpmyportalplus_void',NULL,0),('jeff','homepage',24,'jpmyportalplus_void',NULL,0),('jeff','homepage',123,'jpmyportalplus_void',NULL,0),('jeff','homepage',21,'jpmyportalplus_void',NULL,0),('admin','homepage',23,'latest_news',NULL,0),('admin','homepage',73,'jpmyportalplus_void',NULL,0),('jeff','homepage',23,'jpmyportalplus_void',NULL,0),('admin','homepage',64,'inEvidenza',NULL,0),('jeff','homepage',73,'jpmyportalplus_void',NULL,0),('jeff','homepage',75,'jpmyportalplus_void',NULL,0),('jeff','homepage',74,'jpmyportalplus_void',NULL,0),('jeff','homepage',115,'latest_events',NULL,0),('jeff','homepage',65,'latest_video',NULL,0),('jeff','homepage',66,'form_list',NULL,0),('jeff','homepage',18,'jpmyportalplus_void',NULL,0),('jeff','homepage',17,'jpmyportalplus_void',NULL,0),('jeff','homepage',20,'jpmyportalplus_void',NULL,0),('jeff','homepage',19,'jpmyportalplus_void',NULL,0),('jeff','homepage',117,'jpsurvey_pollList',NULL,0),('jeff','homepage',16,'jpmyportalplus_void',NULL,0),('caroline','homepage',15,'latest_news',NULL,0),('caroline','homepage',16,'documents_list',NULL,0),('caroline','homepage',18,'jpmyportalplus_void',NULL,0),('caroline','homepage',17,'jpmyportalplus_void',NULL,0),('caroline','homepage',64,'form_list',NULL,0),('caroline','homepage',19,'jpmyportalplus_void',NULL,0),('caroline','homepage',65,'jpsurvey_questionnaireList',NULL,0),('caroline','homepage',14,'jpmyportalplus_void',NULL,0),('caroline','homepage',125,'jpmyportalplus_void',NULL,0),('caroline','homepage',20,'jpmyportalplus_void',NULL,0),('caroline','homepage',114,'latest_video',NULL,0),('caroline','homepage',66,'jpmyportalplus_void',NULL,0),('caroline','homepage',115,'jpsurvey_pollList',NULL,0),('max','homepage',64,'latest_events',NULL,0),('max','homepage',17,'jpmyportalplus_void',NULL,0),('max','homepage',18,'jpmyportalplus_void',NULL,0),('max','homepage',19,'jpmyportalplus_void',NULL,0),('max','homepage',115,'latest_video',NULL,0),('max','homepage',114,'jpmyportalplus_void',NULL,0),('max','homepage',65,'form_list',NULL,0),('max','homepage',15,'inEvidenza',NULL,0),('max','homepage',16,'jpmyportalplus_void',NULL,0),('max','homepage',116,'documents_list',NULL,0),('jeff','homepage',67,'jpmyportalplus_void',NULL,0),('jeff','homepage',64,'documents_list',NULL,0),('jeff','homepage',114,'jpmyportalplus_void',NULL,0),('jeff','homepage',116,'jpmyportalplus_void',NULL,0),('jeff','homepage',15,'inEvidenza',NULL,0);
/*!40000 ALTER TABLE `jpmyportalplus_userpageconfig` ENABLE KEYS */;
UNLOCK TABLES;

--
-- Table structure for table `localstrings`
--

DROP TABLE IF EXISTS `localstrings`;
/*!40101 SET @saved_cs_client     = @@character_set_client */;
/*!40101 SET character_set_client = utf8 */;
CREATE TABLE `localstrings` (
  `keycode` varchar(50) NOT NULL,
  `langcode` varchar(2) NOT NULL,
  `stringvalue` longtext NOT NULL,
  PRIMARY KEY (`keycode`,`langcode`)
) ENGINE=InnoDB DEFAULT CHARSET=utf8;
/*!40101 SET character_set_client = @saved_cs_client */;

--
-- Dumping data for table `localstrings`
--

LOCK TABLES `localstrings` WRITE;
/*!40000 ALTER TABLE `localstrings` DISABLE KEYS */;
INSERT INTO `localstrings` VALUES ('ADMINISTRATION_BASIC','en','Normal'),('ADMINISTRATION_BASIC','it','Normale'),('ADMINISTRATION_BASIC_GOTO','en','Go to the administration with normal client'),('ADMINISTRATION_BASIC_GOTO','it','Accedi con client normale'),('ADMINISTRATION_MINT','en','Advanced'),('ADMINISTRATION_MINT','it','Avanzata'),('ADMINISTRATION_MINT_GOTO','en','Go to the administration with advanced client'),('ADMINISTRATION_MINT_GOTO','it','Accedi con client avanzato'),('ALL','en','All'),('ALL','it','Tutte'),('ARCHIVE_STYLE1_TITLE','en','Choose new style'),('ARCHIVE_STYLE1_TITLE','it','Scegli questo stile'),('ARCHIVE_STYLE2_TITLE','en','Choose new style'),('ARCHIVE_STYLE2_TITLE','it','Scegli questo stile'),('ARCHIVE_STYLE3_TITLE','en','Choose new style'),('ARCHIVE_STYLE3_TITLE','it','Scegli questo stile'),('ATTACHMENTS','en','Attachments'),('ATTACHMENTS','it','Allegati'),('BEGIN_GUEST','en','Begin guest'),('BEGIN_GUEST','it','Begin guest'),('CONTENT_CHANGED','en','Content saved. This page will be reloaded'),('CONTENT_CHANGED','it','Il contenuto è stato salvato correttamente. La pagina si sta ricaricando.'),('COPYRIGHT','en','Copyright &copy; Tzente S.r.l. 2011'),('COPYRIGHT','it','Copyright &copy; Tzente S.r.l. 2011'),('DATE_FROM','en','From'),('DATE_FROM','it','Da'),('DATE_TO','en','To'),('DATE_TO','it','A'),('DOWNLOAD','en','Download'),('DOWNLOAD','it','Download'),('EDIT_CONTENT','en','Edit Content'),('EDIT_CONTENT','it','Modifica Contenuto'),('EDIT_CONTENT_BACKOFFICE','en','Edit Content (Backoffice)'),('EDIT_CONTENT_BACKOFFICE','it','Modifica Contenuto (Backoffice)'),('EDIT_THIS_CONTENT','en','Edit this content'),('EDIT_THIS_CONTENT','it','Modifica questo contenuto'),('ENTANDO_API_DESCRIPTION','en','Description'),('ENTANDO_API_DESCRIPTION','it','Descrizione'),('ENTANDO_API_ERROR','en','Errors'),('ENTANDO_API_ERROR','it','Errore'),('ENTANDO_API_EXTENSION','en','Extension'),('ENTANDO_API_EXTENSION','it','Estensione'),('ENTANDO_API_EXTENSION_NOTE','en','\'.xml\' for response in xml format and \'.json\' for json.'),('ENTANDO_API_EXTENSION_NOTE','it','\'.xml\' per la risposta in formato xml e \'.json\' per la risposta in formato json.'),('ENTANDO_API_GOTO_DETAILS','en','Go to details'),('ENTANDO_API_GOTO_DETAILS','it','Vai al dettaglio'),('ENTANDO_API_GOTO_LIST','en','API Resource List'),('ENTANDO_API_GOTO_LIST','it','Lista delle Risorse API'),('ENTANDO_API_METHOD','en','Method'),('ENTANDO_API_METHOD','it','Metodo'),('ENTANDO_API_METHOD_AUTHORIZATION','en','Authorization'),('ENTANDO_API_METHOD_AUTHORIZATION','it','Autorizzazione'),('ENTANDO_API_METHOD_AUTH_FREE','en','None, this method is public'),('ENTANDO_API_METHOD_AUTH_FREE','it','Nessuna, questo metodo è pubblico'),('ENTANDO_API_METHOD_AUTH_SIMPLE','en','Registered users'),('ENTANDO_API_METHOD_AUTH_SIMPLE','it','Utenti registrati'),('ENTANDO_API_METHOD_AUTH_WITH_PERM','en','Registered users with permission'),('ENTANDO_API_METHOD_AUTH_WITH_PERM','it','Utenti registrati con permesso'),('ENTANDO_API_METHOD_KO','en','Not available'),('ENTANDO_API_METHOD_KO','it','Non disponibile'),('ENTANDO_API_METHOD_OK','en','Available'),('ENTANDO_API_METHOD_OK','it','Disponibile'),('ENTANDO_API_METHOD_PARAMS_SUMM','en','This table shows the request parameters for this method. For each of them there are three columns: the parameter name, the parameter description and whether if it\'s mandatory or not.'),('ENTANDO_API_METHOD_PARAMS_SUMM','it','Questa tabella mostra i parametri per la richiesta del metodo. Per ciascuno di essi ci sono tre colonne: il nome del parametro, la descrizione del parametro e l\'indicazione di obbligatorietà.'),('ENTANDO_API_METHOD_REQUEST_PARAMS','en','Parameters'),('ENTANDO_API_METHOD_REQUEST_PARAMS','it','Parametri'),('ENTANDO_API_METHOD_SCHEMAS','en','XML Schemas'),('ENTANDO_API_METHOD_SCHEMAS','it','Schema XML'),('ENTANDO_API_METHOD_SCHEMA_REQ','en','Request'),('ENTANDO_API_METHOD_SCHEMA_REQ','it','Richiesta'),('ENTANDO_API_METHOD_SCHEMA_RESP','en','Response'),('ENTANDO_API_METHOD_SCHEMA_RESP','it','Risposta'),('ENTANDO_API_METHOD_STATUS_AUTH','en','Active, Registered Users'),('ENTANDO_API_METHOD_STATUS_AUTH','it','Attivo, Utenti Registrati'),('ENTANDO_API_METHOD_STATUS_FREE','en','Active, Free Access'),('ENTANDO_API_METHOD_STATUS_FREE','it','Attivo, Accesso Libero'),('ENTANDO_API_METHOD_STATUS_LOCK','en','Active, Registered Users with Permission'),('ENTANDO_API_METHOD_STATUS_LOCK','it','Metodo Attivo, Utenti Registrati con Autorizzazione'),('ENTANDO_API_METHOD_STATUS_NA','en','Method Not Available'),('ENTANDO_API_METHOD_STATUS_NA','it','Metodo Non Disponibile'),('ENTANDO_API_METHOD_STATUS_OFF','en','Not Active'),('ENTANDO_API_METHOD_STATUS_OFF','it','Non Attivo'),('ENTANDO_API_NO_RESOURCES','en','No API Resources available at the moment.'),('ENTANDO_API_NO_RESOURCES','it','Non ci sono Risorse API disponibili.'),('ENTANDO_API_PARAM_DESCRIPTION','en','Description'),('ENTANDO_API_PARAM_DESCRIPTION','it','Descrizione'),('ENTANDO_API_PARAM_NAME','en','Name'),('ENTANDO_API_PARAM_NAME','it','Nome'),('ENTANDO_API_PARAM_REQUIRED','en','Mandatory'),('ENTANDO_API_PARAM_REQUIRED','it','Obbligatorio'),('ENTANDO_API_RESOURCE','en','Resource'),('ENTANDO_API_RESOURCE','it','Risorsa'),('ENTANDO_API_RESOURCES','en','API Resources'),('ENTANDO_API_RESOURCES','it','Risorse API'),('ENTANDO_API_RESOURCE_NAME','en','Name'),('ENTANDO_API_RESOURCE_NAME','it','Nome'),('ENTANDO_API_RESOURCE_NAMESPACE','en','Namespace'),('ENTANDO_API_RESOURCE_NAMESPACE','it','Namespace'),('ENTANDO_API_RESOURCE_SOURCE','en','Source'),('ENTANDO_API_RESOURCE_SOURCE','it','Sorgente'),('ENTANDO_API_RESOURCE_URI','en','URI'),('ENTANDO_API_RESOURCE_URI','it','URI'),('ENTANDO_API_TABLE_SUMMARY','en','The table lists the API Resources available in the system. Method name, description, group and the status of each method.'),('ENTANDO_API_TABLE_SUMMARY','it','La tabella elenaca le Risorse API disponibile nel sistema. Nome della risorsa, la sua descrizione e lo stato di ciascun metodo.'),('GENERIC_ERROR','en','Generic Error'),('GENERIC_ERROR','it','Errore Generico'),('jpcontentfeedback_AUTHOR','en','Author'),('jpcontentfeedback_AUTHOR','it','Autore'),('jpcontentfeedback_AVG_RATING','en','Average users rating:'),('jpcontentfeedback_AVG_RATING','it','Voto medio dei lettori:'),('jpcontentfeedback_COMMENTS','en','Comments'),('jpcontentfeedback_COMMENTS','it','Commenti'),('jpcontentfeedback_COMMENTS_NULL','en','No comments yet.'),('jpcontentfeedback_COMMENTS_NULL','it','Ancora nessun commento per questo contenuto.'),('jpcontentfeedback_COMMENT_DATE','en','Date'),('jpcontentfeedback_COMMENT_DATE','it','Data'),('jpcontentfeedback_COMMENT_NORATING','en','No rating yet.'),('jpcontentfeedback_COMMENT_NORATING','it','Nessuna valutazione da parte degli utenti.'),('jpcontentfeedback_COMMENT_RATING','en','Comment Rating'),('jpcontentfeedback_COMMENT_RATING','it','Valutazione Commento'),('jpcontentfeedback_COMMENT_TEXT','en','Comment Text'),('jpcontentfeedback_COMMENT_TEXT','it','Testo Commento'),('jpcontentfeedback_COMMENT_THE_CONTENT','en','Comment this Content'),('jpcontentfeedback_COMMENT_THE_CONTENT','it','Commenta il Contenuto'),('jpcontentfeedback_CONTENT_RATING','en','Content Rating'),('jpcontentfeedback_CONTENT_RATING','it','Valutazione del Contenuto'),('jpcontentfeedback_DELETE','en','Delete'),('jpcontentfeedback_DELETE','it','Cancella'),('jpcontentfeedback_LABEL_COMMENTTEXT','en','Comment Text'),('jpcontentfeedback_LABEL_COMMENTTEXT','it','Testo del Commento'),('jpcontentfeedback_LABEL_RATING','en','Rating Value'),('jpcontentfeedback_LABEL_RATING','it','Voto'),('jpcontentfeedback_SEND','en','Send'),('jpcontentfeedback_SEND','it','Invia'),('jpcontentfeedback_VOTE','en','Rate it Now'),('jpcontentfeedback_VOTE','it','Valuta'),('jpcontentfeedback_VOTERS_NULL','en','No rating yet.'),('jpcontentfeedback_VOTERS_NULL','it','Ancora nessun utente ha votato questo contenuto.'),('jpcontentfeedback_VOTERS_NUM','en','voters.'),('jpcontentfeedback_VOTERS_NUM','it','votanti.'),('jpcontentfeedback_VOTE_SUBMIT','en','Send Rating'),('jpcontentfeedback_VOTE_SUBMIT','it','Invia la Valutazione'),('jpfastcontentedit_BACK_TO_CONTENT','en','Back to the Content'),('jpfastcontentedit_BACK_TO_CONTENT','it','Torna al Contenuto'),('jpfastcontentedit_CATEGORIES_MANAGEMENT','en','Categories Management'),('jpfastcontentedit_CATEGORIES_MANAGEMENT','it','Gestione delle Categorie'),('jpfastcontentedit_CATEGORY','en','Category'),('jpfastcontentedit_CATEGORY','it','Categoria'),('jpfastcontentedit_CHOOSE_ATTACH','en','Choose an attachment'),('jpfastcontentedit_CHOOSE_ATTACH','it','Scegli un allegato'),('jpfastcontentedit_CHOOSE_IMAGE','en','Choose an image'),('jpfastcontentedit_CHOOSE_IMAGE','it','Scegli un\'immagine'),('jpfastcontentedit_CHOOSE_LINK_TYPE','en','Choose link type'),('jpfastcontentedit_CHOOSE_LINK_TYPE','it','Scelta tipo di link'),('jpfastcontentedit_CNG_Abstract','en','Abstract'),('jpfastcontentedit_CNG_Abstract','it','Estratto'),('jpfastcontentedit_CNG_Title','en','Title'),('jpfastcontentedit_CNG_Title','it','Titolo'),('jpfastcontentedit_CONFIGURE','en','Configure'),('jpfastcontentedit_CONFIGURE','it','Configura'),('jpfastcontentedit_CONFIGURE_LINK_ATTRIBUTE','en','Configure Link Attribute'),('jpfastcontentedit_CONFIGURE_LINK_ATTRIBUTE','it','Configura Attributo Link'),('jpfastcontentedit_CONFIGURE_LINK_TO_CONTENT','en','Choose a Content'),('jpfastcontentedit_CONFIGURE_LINK_TO_CONTENT','it','Scegli un Contenuto'),('jpfastcontentedit_CONFIGURE_LINK_TO_PAGE','en','Choose a Page'),('jpfastcontentedit_CONFIGURE_LINK_TO_PAGE','it','Scegli una  Pagina'),('jpfastcontentedit_CONFIGURE_URL','en','Insert a valid URL (ex: http://www.miosito.it/)'),('jpfastcontentedit_CONFIGURE_URL','it','Inserisci un URL valido (esempio: http://www.miosito.it/)'),('jpfastcontentedit_CONFIRM','en','Confirm'),('jpfastcontentedit_CONFIRM','it','Conferma'),('jpfastcontentedit_CONTENT_FREE','en','Content visible to all'),('jpfastcontentedit_CONTENT_FREE','it','Contenuto visibile a tutti'),('jpfastcontentedit_CONTINUE','en','Continue'),('jpfastcontentedit_CONTINUE','it','Continua'),('jpfastcontentedit_CREATION_DATE','en','Creation'),('jpfastcontentedit_CREATION_DATE','it','Creazione'),('jpfastcontentedit_DESCRIPTION','en','Description'),('jpfastcontentedit_DESCRIPTION','it','Descrizione'),('jpfastcontentedit_DO_THIS_ON_DEFAULT_LANG','en','You can only fill this Attribute from the default language section'),('jpfastcontentedit_DO_THIS_ON_DEFAULT_LANG','it','Questo Attributo può essere usato solamente nella sezione della lingua di default'),('jpfastcontentedit_EDIT_CONTENT','en','Edit'),('jpfastcontentedit_EDIT_CONTENT','it','Modifica'),('jpfastcontentedit_ERRORS','en','Errors'),('jpfastcontentedit_ERRORS','it','Errori'),('jpfastcontentedit_FASTCONTENTEDIT_SHOWLET_TITLE','en','Edit Content'),('jpfastcontentedit_FASTCONTENTEDIT_SHOWLET_TITLE','it','Modifica Contenuto da Frontend'),('jpfastcontentedit_FILE','en','File'),('jpfastcontentedit_FILE','it','File'),('jpfastcontentedit_FOR_THE_CONTENT','en','for the Content'),('jpfastcontentedit_FOR_THE_CONTENT','it','per il Contenuto'),('jpfastcontentedit_GENERIC_ERROR','en','An error is happened'),('jpfastcontentedit_GENERIC_ERROR','it','Si è verificato un errore'),('jpfastcontentedit_GROUP','en','Group'),('jpfastcontentedit_GROUP','it','Gruppo'),('jpfastcontentedit_INFO','en','Info'),('jpfastcontentedit_INFO','it','Info'),('jpfastcontentedit_INTRO_en','en','English'),('jpfastcontentedit_INTRO_en','it','Inglese'),('jpfastcontentedit_INTRO_it','en','Italian'),('jpfastcontentedit_INTRO_it','it','Italiano'),('jpfastcontentedit_JOIN','en','Join'),('jpfastcontentedit_JOIN','it','Associa'),('jpfastcontentedit_JOIN_TO','en','Join to Content'),('jpfastcontentedit_JOIN_TO','it','Associa al Contenuto'),('jpfastcontentedit_LAST_EDIT','en','Last Edit'),('jpfastcontentedit_LAST_EDIT','it','Ultima Modifica'),('jpfastcontentedit_LINKATTRIBUTE_CONTENT_CAPTION','en','Content List'),('jpfastcontentedit_LINKATTRIBUTE_CONTENT_CAPTION','it','Lista Contenuti'),('jpfastcontentedit_LINKATTRIBUTE_CONTENT_SUMMARY','en','This table shows a list of contents available for the configuration of LinkAttribute. For each content it shows description, code, group, date of creation and of last modification.'),('jpfastcontentedit_LINKATTRIBUTE_CONTENT_SUMMARY','it','La tabella mostra l\'elenco dei contenuti disponibili per la configurazione del LinkAttribute. Per ogni contenuto è indicata la descrizione, il codice, il Gruppo di Utenti a cui appartiene, la data di creazione e quella di ultima modifica.'),('jpfastcontentedit_LINK_TO_CONTENT','en','Link to content'),('jpfastcontentedit_LINK_TO_CONTENT','it','Link a contenuto'),('jpfastcontentedit_LINK_TO_CONTENT_ON_PAGE','en','on page'),('jpfastcontentedit_LINK_TO_CONTENT_ON_PAGE','it','su pagina'),('jpfastcontentedit_LINK_TO_PAGE','en','Link to page'),('jpfastcontentedit_LINK_TO_PAGE','it','Link a pagina'),('jpfastcontentedit_LINK_TO_URL','en','Link to url'),('jpfastcontentedit_LINK_TO_URL','it','Link a url'),('jpfastcontentedit_LIST','en','List'),('jpfastcontentedit_LIST','it','Lista'),('jpfastcontentedit_MAKE_CONTENT_ON_PAGE','en','Continue choosing a Page for on-the-fly publishing'),('jpfastcontentedit_MAKE_CONTENT_ON_PAGE','it','Prosegui scegliendo anche una Pagina di pubblicazione temporanea'),('jpfastcontentedit_NEW_Abstract','en','Abstract'),('jpfastcontentedit_NEW_Abstract','it','Estratto'),('jpfastcontentedit_NEW_Attach','en','Attachments'),('jpfastcontentedit_NEW_Attach','it','Allegati'),('jpfastcontentedit_NEW_Body','en','Body'),('jpfastcontentedit_NEW_Body','it','Testo'),('jpfastcontentedit_NEW_CONTENT','en','Create a new content'),('jpfastcontentedit_NEW_CONTENT','it','Crea un nuovo contenuto'),('jpfastcontentedit_NEW_Date','en','Date'),('jpfastcontentedit_NEW_Date','it','Data'),('jpfastcontentedit_NEW_IMAGE','en','New File'),('jpfastcontentedit_NEW_IMAGE','it','Nuovo File'),('jpfastcontentedit_NEW_Image1','en','Image 1'),('jpfastcontentedit_NEW_Image1','it','Immagine 1'),('jpfastcontentedit_NEW_Image2','en','Image 1'),('jpfastcontentedit_NEW_Image2','it','Immagine 2'),('jpfastcontentedit_NEW_Links','en','Related links'),('jpfastcontentedit_NEW_Links','it','Link correlati'),('jpfastcontentedit_NEW_RESOURCE','en','New Resource'),('jpfastcontentedit_NEW_RESOURCE','it','Nuova Risorsa'),('jpfastcontentedit_NEW_Title','en','Title'),('jpfastcontentedit_NEW_Title','it','Titolo'),('jpfastcontentedit_PAGE_TREE','en','Page Tree'),('jpfastcontentedit_PAGE_TREE','it','Albero delle Pagine'),('jpfastcontentedit_PREVIOUS_LINK','en','Previously configured as'),('jpfastcontentedit_PREVIOUS_LINK','it','In precedenza era stato configurato un'),('jpfastcontentedit_REMOVE','en','Remove'),('jpfastcontentedit_REMOVE','it','Rimuovi'),('jpfastcontentedit_REMOVE_CONTENT','en','Remove'),('jpfastcontentedit_REMOVE_CONTENT','it','Elimina'),('jpfastcontentedit_REQUIRED_FULL','en','Required'),('jpfastcontentedit_REQUIRED_FULL','it','Obbligatorio'),('jpfastcontentedit_REQUIRED_SHORT','en','*'),('jpfastcontentedit_REQUIRED_SHORT','it','*'),('jpfastcontentedit_RESOURCES_CATEGORIES','en','Categories'),('jpfastcontentedit_RESOURCES_CATEGORIES','it','Categorie'),('jpfastcontentedit_RESOURCES_CATEGORIES_SUMMARY','en','The table shows the categories associated with the resource. For each category shows the description (also known as the title), and you can remove it from the table.'),('jpfastcontentedit_RESOURCES_CATEGORIES_SUMMARY','it','La tabella mostra le Categorie associate alla Risorsa. Per ogni categoria è indicata la descrizione (nota anche come titolo), ed è possibile rimuoverla dalla tabella.'),('jpfastcontentedit_RESOURCES_CATEGORY','en','Category'),('jpfastcontentedit_RESOURCES_CATEGORY','it','Categoria'),('jpfastcontentedit_SAVE','en','Save'),('jpfastcontentedit_SAVE','it','Salva'),('jpfastcontentedit_SEARCH','en','Search'),('jpfastcontentedit_SEARCH','it','Cerca'),('jpfastcontentedit_SEARCH_FILTERS','en','Refine your Search'),('jpfastcontentedit_SEARCH_FILTERS','it','Raffina la Ricerca'),('jpfastcontentedit_SEARCH_FOR_DESCR','en','Search for Description:'),('jpfastcontentedit_SEARCH_FOR_DESCR','it','Cerca per Descrizione:'),('jpfastcontentedit_SELECT_ALL','en','All'),('jpfastcontentedit_SELECT_ALL','it','Tutti'),('jpfastcontentedit_STATUS','en','Status'),('jpfastcontentedit_STATUS','it','Stato'),('jpfastcontentedit_STEP_1_OF_2','en','(Step 1 of 2)'),('jpfastcontentedit_STEP_1_OF_2','it','(Passo 1 di 2)'),('jpfastcontentedit_STEP_2_OF_2','en','(Step 2 of 2)'),('jpfastcontentedit_STEP_2_OF_2','it','(Passo 2 di 2)'),('jpfastcontentedit_TYPE','en','Type'),('jpfastcontentedit_TYPE','it','Tipo'),('jpfastcontentedit_URL','en','URL'),('jpfastcontentedit_URL','it','URL'),('jpfastcontentedit_USER_NOT_ALLOWED','en','Operation not allowed'),('jpfastcontentedit_USER_NOT_ALLOWED','it','Operazione non consentita'),('jpfastcontentedit_WORKING_ON','en','You are working on'),('jpfastcontentedit_WORKING_ON','it','Stai lavorando a'),('JPMYPORTALPLUS_APPLY','en','Apply'),('JPMYPORTALPLUS_APPLY','it','Applica'),('JPMYPORTALPLUS_CONFIGMYHOME','en','Page Content Configuration'),('JPMYPORTALPLUS_CONFIGMYHOME','it','Configura la Pagina'),('JPMYPORTALPLUS_CONFIG_INTRO','en','Choose which content you want to add in this page'),('JPMYPORTALPLUS_CONFIG_INTRO','it','Scegli quali contenuti mostrare nella pagina'),('JPMYPORTALPLUS_ERROR_INFO','en','An error has occurred, retry.'),('JPMYPORTALPLUS_ERROR_INFO','it','Si è verificato un errore, riprovare.'),('JPMYPORTALPLUS_INSERTINTOCOLUMN','en','Inserting it into column'),('JPMYPORTALPLUS_INSERTINTOCOLUMN','it','Inserendolo nella colonna'),('JPMYPORTALPLUS_LOADING_INFO','en','Loading...'),('JPMYPORTALPLUS_LOADING_INFO','it','Caricamento informazioni in corso...'),('JPMYPORTALPLUS_MOVE','en','Move'),('JPMYPORTALPLUS_MOVE','it','Sposta'),('JPMYPORTALPLUS_MOVETHISSHOWLET','en','Move this box'),('JPMYPORTALPLUS_MOVETHISSHOWLET','it','Sposta questo box'),('JPMYPORTALPLUS_RESET','en','Reset the Page'),('JPMYPORTALPLUS_RESET','it','Reimposta la pagina'),('JPMYPORTALPLUS_RESET_INTRO','en','If you want to discard the current configuration you can reset the page.'),('JPMYPORTALPLUS_RESET_INTRO','it','Se desideri riportare la pagina alla configurazione predefinita, puoi resettare le impostazioni.'),('JPMYPORTALPLUS_SWAPITWITH','en','Swap it with'),('JPMYPORTALPLUS_SWAPITWITH','it','Scambiandolo con'),('jpsharewith_NOSCRIPT','en','This feature needs a Javascript enabled browser.'),('jpsharewith_NOSCRIPT','it','Questa funzionalità ha bisogno di un browser con Javascript attivato.'),('jpsharewith_TITLE','en','Share with...'),('jpsharewith_TITLE','it','Condividi con...'),('JPSURVEY_ACTIVE_QUESTIONNAIRE','en','active Questionnaires'),('JPSURVEY_ACTIVE_QUESTIONNAIRE','it','questionari attivi'),('JPSURVEY_AGE','en','Age'),('JPSURVEY_AGE','it','Età'),('JPSURVEY_ANSWERS','en','Answers'),('JPSURVEY_ANSWERS','it','Risposte'),('JPSURVEY_ANSWER_NUMBER','en','response number'),('JPSURVEY_ANSWER_NUMBER','it','risposta numero'),('JPSURVEY_ARCHIVE_ENDDAY','en','and expired'),('JPSURVEY_ARCHIVE_ENDDAY','it','ed è scaduto'),('JPSURVEY_BEGIN','en','Begins'),('JPSURVEY_BEGIN','it','Inizia il'),('JPSURVEY_COUNTRY','en','City'),('JPSURVEY_COUNTRY','it','Città'),('JPSURVEY_DESCRIPTION','en','Description'),('JPSURVEY_DESCRIPTION','it','Descrizione'),('JPSURVEY_ENDDAY','en','and expires'),('JPSURVEY_ENDDAY','it','e scadrà'),('JPSURVEY_ERROR_ALREADY_VOTED','en','Mistake! You have already voted.'),('JPSURVEY_ERROR_ALREADY_VOTED','it','Errore! Hai già votato.'),('JPSURVEY_ERROR_EXPIRED_SURVEY','en','Mistake! The survey is already expired.'),('JPSURVEY_ERROR_EXPIRED_SURVEY','it','Errore! Il sondaggio è scaduto'),('JPSURVEY_ERROR_FINALRESULTNOTALLOWED','en','Mistake! The display of final results is not allowed.'),('JPSURVEY_ERROR_FINALRESULTNOTALLOWED','it','Errore! La visualizzazione dei risultati finali non è permessa.'),('JPSURVEY_ERROR_NOTBEGUNYET','en','Mistake! You have not yet begun.'),('JPSURVEY_ERROR_NOTBEGUNYET','it','Errore! Non hai ancora cominciato.'),('JPSURVEY_ERROR_NULL_VOTER_RESPONSE','en','Mistake! The number of responses is zero'),('JPSURVEY_ERROR_NULL_VOTER_RESPONSE','it','Errore! Il numero di risposte è nullo'),('JPSURVEY_ERROR_PARTIALRESULTSNOTALLOWED','en','Mistake! Display of partial results is not allowed.'),('JPSURVEY_ERROR_PARTIALRESULTSNOTALLOWED','it','Errore! La visualizzazione dei risultati parziali non è permessa.'),('JPSURVEY_ERROR_USER_NOT_ALLOWED','en','Mistake! Unauthorized.'),('JPSURVEY_ERROR_USER_NOT_ALLOWED','it','Errore! Utente non autorizzato.'),('JPSURVEY_FINAL_RESULTS','en','Final Results'),('JPSURVEY_FINAL_RESULTS','it','Risultati finali'),('JPSURVEY_FREE_TEXT','en','Free Text'),('JPSURVEY_FREE_TEXT','it','Testo Libero'),('JPSURVEY_GO','en','Send'),('JPSURVEY_GO','it','Invia'),('JPSURVEY_GO_ACTIVE_POLLS','en','active Polls'),('JPSURVEY_GO_ACTIVE_POLLS','it','sondaggi attivi'),('JPSURVEY_GO_TO_ACTIVE_POLLS','en','Go to the list of active polls'),('JPSURVEY_GO_TO_ACTIVE_POLLS','it','Vai alla lista dei sondaggi attivi'),('JPSURVEY_GO_TO_ACTIVE_QUESTIONNAIRE','en','Go to the list of active surveys'),('JPSURVEY_GO_TO_ACTIVE_QUESTIONNAIRE','it','Vai alla lista dei questionari attivi'),('JPSURVEY_GO_TO_POLL','en','Go to'),('JPSURVEY_GO_TO_POLL','it','Vai a'),('JPSURVEY_GO_TO_POLL_ARCHIVE','en','Go to surveys'),('JPSURVEY_GO_TO_POLL_ARCHIVE','it','Vai all\'archivio sondaggi'),('JPSURVEY_GO_TO_QUESTIONNAIRE','en','Vai a'),('JPSURVEY_GO_TO_QUESTIONNAIRE','it','Vai a'),('JPSURVEY_GO_TO_QUESTIONNAIRE_ARCHIVE','en','Go to questionnaires'),('JPSURVEY_GO_TO_QUESTIONNAIRE_ARCHIVE','it','Vai all\'archivio questionari'),('JPSURVEY_INSERT_FREE_TEXT','en','Enter free text'),('JPSURVEY_INSERT_FREE_TEXT','it','Inserisci il testo libero'),('JPSURVEY_MAX_ANSWERS','en','Maximum number of responses'),('JPSURVEY_MAX_ANSWERS','it','Numero massimo di risposte'),('JPSURVEY_MIN_ANSWERS','en','Minimum number of responses'),('JPSURVEY_MIN_ANSWERS','it','Numero minimo di risposte'),('JPSURVEY_OBTAINED','en','scored'),('JPSURVEY_OBTAINED','it','ha ottenuto'),('JPSURVEY_PARTIAL_RESULTS','en','Subtotals'),('JPSURVEY_PARTIAL_RESULTS','it','Risultati parziali'),('JPSURVEY_PERSON','en','people.'),('JPSURVEY_PERSON','it','persone.'),('JPSURVEY_POLL','en','poll'),('JPSURVEY_POLL','it','sondaggio'),('JPSURVEY_POLLS','en','Polls'),('JPSURVEY_POLLS','it','Sondaggi'),('JPSURVEY_POLLS_ARCHIVE_INTRO','en','If you want you can go back to'),('JPSURVEY_POLLS_ARCHIVE_INTRO','it','Se vuoi puoi tornare ai'),('jpsurvey_POLLS_ARCHIVE_LIST_TITLE','en','Polls Archive'),('jpsurvey_POLLS_ARCHIVE_LIST_TITLE','it','Archivio dei Sondaggi'),('JPSURVEY_POLLS_LIST','en','List active polls'),('JPSURVEY_POLLS_LIST','it','Lista dei sondaggi attivi'),('JPSURVEY_POLLS_LIST_INTRO','en','If you want you can see the results of polls ended in'),('JPSURVEY_POLLS_LIST_INTRO','it','Se vuoi puoi vedere i risultati dei sondaggi scaduti nell\''),('JPSURVEY_POLL_ARCHIVE','en','Archive'),('JPSURVEY_POLL_ARCHIVE','it','Archivio'),('JPSURVEY_POLL_STARTDAY','en','The survey was published'),('JPSURVEY_POLL_STARTDAY','it','Il sondaggio è stato pubblicato'),('JPSURVEY_PROFILE_NEEDED','en','It takes some of your data. Thank you for your cooperation.'),('JPSURVEY_PROFILE_NEEDED','it','Sono necessari alcuni tuoi dati anagrafici. Grazie per la collaborazione.'),('JPSURVEY_QUESTION','en','Question'),('JPSURVEY_QUESTION','it','Domanda'),('JPSURVEY_QUESTIONNAIRE_ARCHIVE','en','Archive'),('JPSURVEY_QUESTIONNAIRE_ARCHIVE','it','Archivio'),('JPSURVEY_QUESTIONNAIRE_LIST_INTRO','en','If you want, you can see the list of expired surveys browsing the'),('JPSURVEY_QUESTIONNAIRE_LIST_INTRO','it','Se vuoi puoi vedere i questionari scaduti nell\''),('JPSURVEY_QUESTION_OF','en','of'),('JPSURVEY_QUESTION_OF','it','di'),('JPSURVEY_SEX','en','Gender'),('JPSURVEY_SEX','it','Sesso'),('JPSURVEY_SURVEY','en','questionnaire'),('JPSURVEY_SURVEY','it','questionario'),('JPSURVEY_SURVEY_STARTDAY','en','The questionnaire was posted'),('JPSURVEY_SURVEY_STARTDAY','it','Il questionario è stato pubblicato'),('JPSURVEY_THANKS_FOR','en','Thank you for cooperating. If you want you can return to the list'),('JPSURVEY_THANKS_FOR','it','Grazie per aver collaborato. Se vuoi puoi tornare alla lista dei'),('JPSURVEY_TITLE','en','Title'),('JPSURVEY_TITLE','it','Titolo'),('JPSURVEY_VOTED_TOT','en','All voted'),('JPSURVEY_VOTED_TOT','it','Hanno votato in tutto'),('JPSURVEY_VOTES','en','votes'),('JPSURVEY_VOTES','it','voti'),('JPSURVEY_YOU_HAVE_NOT_VOTED','en','You have not voted'),('JPSURVEY_YOU_HAVE_NOT_VOTED','it','Non hai ancora votato'),('JPSURVEY_YOU_HAVE_VOTED','en','You have already voted'),('JPSURVEY_YOU_HAVE_VOTED','it','Hai già votato'),('JPSURVEY_YOU_NOT_VOTED','en','(You have not voted)'),('JPSURVEY_YOU_NOT_VOTED','it','(Non hai ancora votato)'),('JPSURVEY_YOU_VOTED','en','(You have already voted)'),('JPSURVEY_YOU_VOTED','it','(Hai già votato)'),('jpuserprofile_ADDITEM_LIST','en','Add an element to the list'),('jpuserprofile_ADDITEM_LIST','it','Aggiungi nuovo elemento alla lista'),('jpuserprofile_ATTRazienda','en','Company'),('jpuserprofile_ATTRazienda','it','Azienda'),('jpuserprofile_ATTRCognome','en','Surname'),('jpuserprofile_ATTRCognome','it','Cognome'),('jpuserprofile_ATTRemail','en','Email'),('jpuserprofile_ATTRemail','it','Email'),('jpuserprofile_ATTRNome','en','Name'),('jpuserprofile_ATTRNome','it','Nome'),('jpuserprofile_BOTH_YES_AND_NO','en','Both'),('jpuserprofile_BOTH_YES_AND_NO','it','Indifferente'),('jpuserprofile_CONFIRM_NEWPASS','en','Confirm new password'),('jpuserprofile_CONFIRM_NEWPASS','it','Conferma nuova password'),('jpuserprofile_EDITPASSWORD','en','Edit Password'),('jpuserprofile_EDITPASSWORD','it','Modifica Password'),('jpuserprofile_EDITPASSWORD_TITLE','en','Edit Password'),('jpuserprofile_EDITPASSWORD_TITLE','it','Modifica Password'),('jpuserprofile_EDITPROFILE_TITLE','en','Edit Profile'),('jpuserprofile_EDITPROFILE_TITLE','it','Modifica profilo'),('jpuserprofile_ENTITY_ATTRIBUTE_MANDATORY_FULL','en','Mandatory'),('jpuserprofile_ENTITY_ATTRIBUTE_MANDATORY_FULL','it','Obbligatorio'),('jpuserprofile_ENTITY_ATTRIBUTE_MANDATORY_SHORT','en','*'),('jpuserprofile_ENTITY_ATTRIBUTE_MANDATORY_SHORT','it','*'),('jpuserprofile_ENTITY_ATTRIBUTE_MAXLENGTH_FULL','en','Maximum length'),('jpuserprofile_ENTITY_ATTRIBUTE_MAXLENGTH_FULL','it','Lunghezza Massima'),('jpuserprofile_ENTITY_ATTRIBUTE_MAXLENGTH_SHORT','en','Max'),('jpuserprofile_ENTITY_ATTRIBUTE_MAXLENGTH_SHORT','it','Max'),('jpuserprofile_ENTITY_ATTRIBUTE_MINLENGTH_FULL','en','Minimum length'),('jpuserprofile_ENTITY_ATTRIBUTE_MINLENGTH_FULL','it','Lunghezza Minima'),('jpuserprofile_ENTITY_ATTRIBUTE_MINLENGTH_SHORT','en','Min'),('jpuserprofile_ENTITY_ATTRIBUTE_MINLENGTH_SHORT','it','Min'),('jpuserprofile_ITEM_MOVEDOWN','en','Move down'),('jpuserprofile_ITEM_MOVEDOWN','it','Sposta giu'),('jpuserprofile_ITEM_MOVEDOWN_IN','en','Move down at position'),('jpuserprofile_ITEM_MOVEDOWN_IN','it','Sposta giu in posizione'),('jpuserprofile_ITEM_MOVEUP','en','Move up'),('jpuserprofile_ITEM_MOVEUP','it','Sposta su'),('jpuserprofile_ITEM_MOVEUP_IN','en','Move at position'),('jpuserprofile_ITEM_MOVEUP_IN','it','Sposta su in posizione'),('jpuserprofile_ITEM_REMOVE','en','Remove from list'),('jpuserprofile_ITEM_REMOVE','it','Rimuovi dalla lista'),('jpuserprofile_MESSAGE_TITLE_FIELDERRORS','en','Warning, please check the module'),('jpuserprofile_MESSAGE_TITLE_FIELDERRORS','it','Attenzione, si sono verificati i seguenti errori nella compilazione del modulo'),('jpuserprofile_NEWPASS','en','New password'),('jpuserprofile_NEWPASS','it','Nuova password'),('jpuserprofile_NO','en','No'),('jpuserprofile_NO','it','No'),('jpuserprofile_OLDPASSWORD','en','Old password'),('jpuserprofile_OLDPASSWORD','it','Vecchia password'),('jpuserprofile_PASSWORD_UPDATED','en','Your password updated successfully.'),('jpuserprofile_PASSWORD_UPDATED','it','La password è stata aggiornata correttamente.'),('jpuserprofile_PLEASE_LOGIN','en','Please Sign In'),('jpuserprofile_PLEASE_LOGIN','it','E\' necessario effettuare l\'accesso'),('jpuserprofile_PLEASE_LOGIN_AGAIN','en','Please Sign Out and Sign In again.'),('jpuserprofile_PLEASE_LOGIN_AGAIN','it','E\' necessario riloggarsi.'),('jpuserprofile_PLEASE_LOGIN_TO_EDIT_PASSWORD','en','Please Sign Out and Sign In again in order to change your password'),('jpuserprofile_PLEASE_LOGIN_TO_EDIT_PASSWORD','it','E\' necessario effettuare l\'accesso per cambiare la password'),('jpuserprofile_PROFILE_UPDATED','en','Your profile is now updated.'),('jpuserprofile_PROFILE_UPDATED','it','Profilo aggiornato correttamente.'),('jpuserprofile_PUBLICCHECK','en','My profile is public'),('jpuserprofile_PUBLICCHECK','it','Il mio profilo è pubblico'),('jpuserprofile_SAVE_PASSWORD','en','Save password'),('jpuserprofile_SAVE_PASSWORD','it','Salva password'),('jpuserprofile_SAVE_PROFILE','en','Save profile'),('jpuserprofile_SAVE_PROFILE','it','Salva il profilo'),('jpuserprofile_YES','en','Yes'),('jpuserprofile_YES','it','Si'),('jpwebdynamicform_BOTH_YES_AND_NO','en','Both'),('jpwebdynamicform_BOTH_YES_AND_NO','it','Indifferente'),('jpwebdynamicform_CHOOSE_TYPE','en','Select and continue'),('jpwebdynamicform_CHOOSE_TYPE','it','Scegli e continua'),('jpwebdynamicform_COM_Address','en','Address'),('jpwebdynamicform_COM_Address','it','Indirizzo'),('jpwebdynamicform_COM_Company','en','Company'),('jpwebdynamicform_COM_Company','it','Azienda'),('jpwebdynamicform_COM_eMail','en','Email'),('jpwebdynamicform_COM_eMail','it','Email'),('jpwebdynamicform_COM_Note','en','Message'),('jpwebdynamicform_COM_Note','it','Messaggio'),('jpwebdynamicform_COM_SAVE','en','Send'),('jpwebdynamicform_COM_SAVE','it','Invia'),('jpwebdynamicform_ENTITY_ATTR_FLAG_MANDATORY_FULL','en','Mandatory'),('jpwebdynamicform_ENTITY_ATTR_FLAG_MANDATORY_FULL','it','Obbligatorio'),('jpwebdynamicform_ENTITY_ATTR_FLAG_MANDATORY_SHORT','en','*'),('jpwebdynamicform_ENTITY_ATTR_FLAG_MANDATORY_SHORT','it','*'),('jpwebdynamicform_ENTITY_ATTR_FLAG_MAXLENGTH_FULL','en','Max Length'),('jpwebdynamicform_ENTITY_ATTR_FLAG_MAXLENGTH_FULL','it','Lunghezza massima'),('jpwebdynamicform_ENTITY_ATTR_FLAG_MAXLENGTH_SHORT','en','max'),('jpwebdynamicform_ENTITY_ATTR_FLAG_MAXLENGTH_SHORT','it','max'),('jpwebdynamicform_ENTITY_ATTR_FLAG_MINLENGTH_FULL','en','Min Length'),('jpwebdynamicform_ENTITY_ATTR_FLAG_MINLENGTH_FULL','it','Lunghezza minima'),('jpwebdynamicform_ENTITY_ATTR_FLAG_MINLENGTH_SHORT','en','min'),('jpwebdynamicform_ENTITY_ATTR_FLAG_MINLENGTH_SHORT','it','min'),('jpwebdynamicform_ERRORS','en','Errors occured'),('jpwebdynamicform_ERRORS','it','Errori durante la compilazione del modulo'),('jpwebdynamicform_ERRORS_HAPPENED','en','An error has happened!'),('jpwebdynamicform_ERRORS_HAPPENED','it','Si sono verificati degli errori!'),('jpwebdynamicform_INFO','en','The fields marked with * are required.'),('jpwebdynamicform_INFO','it','I campi contrassegnati dal simbolo * sono obbligatori.'),('jpwebdynamicform_INVIA','en','Send'),('jpwebdynamicform_INVIA','it','Invia'),('jpwebdynamicform_MESSAGETYPE','en','Choose a message type'),('jpwebdynamicform_MESSAGETYPE','it','Scegliere un tipo di messaggio'),('jpwebdynamicform_MESSAGE_REQUEST_LINK','en','request'),('jpwebdynamicform_MESSAGE_REQUEST_LINK','it','richiesta'),('jpwebdynamicform_MESSAGE_SAVE_CONFIRMATION','en','The message has been sent successfully. If you need, send us another'),('jpwebdynamicform_MESSAGE_SAVE_CONFIRMATION','it','Il messaggio è stato inviato correttamente. Se vuoi inviaci un\'altra'),('jpwebdynamicform_NO','en','No'),('jpwebdynamicform_NO','it','No'),('jpwebdynamicform_PER_Address','en','Address'),('jpwebdynamicform_PER_Address','it','Indirizzo'),('jpwebdynamicform_PER_Date','en','Birthday'),('jpwebdynamicform_PER_Date','it','Data di nascita'),('jpwebdynamicform_PER_eMail','en','Email'),('jpwebdynamicform_PER_eMail','it','Email'),('jpwebdynamicform_PER_Enumerator','en','Contract Type'),('jpwebdynamicform_PER_Enumerator','it','Tipo Contratto'),('jpwebdynamicform_PER_Longtext','en','Note'),('jpwebdynamicform_PER_Longtext','it','Note'),('jpwebdynamicform_PER_Name','en','Name'),('jpwebdynamicform_PER_Name','it','Nome'),('jpwebdynamicform_PER_Number','en','Height (cm)'),('jpwebdynamicform_PER_Number','it','Altezza (cm)'),('jpwebdynamicform_PER_SAVE','en','Send'),('jpwebdynamicform_PER_SAVE','it','Invia'),('jpwebdynamicform_PER_Surname','en','Surname'),('jpwebdynamicform_PER_Surname','it','Cognome'),('jpwebdynamicform_PER_Text','en','Personal WebSite'),('jpwebdynamicform_PER_Text','it','Sito Personale'),('jpwebdynamicform_SELECT','en','Select'),('jpwebdynamicform_SELECT','it','Seleziona'),('jpwebdynamicform_TITLE_COM','en','Company Form'),('jpwebdynamicform_TITLE_COM','it','Form Azienda'),('jpwebdynamicform_TITLE_PER','en','User Form'),('jpwebdynamicform_TITLE_PER','it','Form Utente'),('jpwebdynamicform_YES','en','Yes'),('jpwebdynamicform_YES','it','Si'),('LABEL_PASS','en','password'),('LABEL_PASS','it','password'),('LABEL_USER','en','user'),('LABEL_USER','it','utente'),('LANG_en','en','English'),('LANG_en','it','English'),('LANG_it','en','Italiano'),('LANG_it','it','Italiano'),('LINKS','en','Links'),('LINKS','it','Approfondimenti'),('LIST_VIEWER_EMPTY','en','Nothing found'),('LIST_VIEWER_EMPTY','it','Nessun risultato'),('LOGIN','en','Sign In'),('LOGIN','it','Login'),('LOGIN_AS','en','Sign in as'),('LOGIN_AS','it','Accedi come'),('LOGOUT','en','Sign Out'),('LOGOUT','it','Logout'),('MESSAGE_TITLE_FIELDERRORS','en','Error'),('MESSAGE_TITLE_FIELDERRORS','it','Errore'),('NEXT','en','Next'),('NEXT','it','Succ'),('NO','en','No'),('NO','it','No'),('NUMBER_FROM','en','From'),('NUMBER_FROM','it','Da'),('NUMBER_TO','en','To'),('NUMBER_TO','it','A'),('PAGE','en','page'),('PAGE','it','pagina'),('PAGE_MODEL','en','page model'),('PAGE_MODEL','it','modello pagina'),('PAGE_NOT_FOUND','en','Page not found'),('PAGE_NOT_FOUND','it','Pagina non trovata'),('PAGE_TITLE','en','page title'),('PAGE_TITLE','it','titolo pagina'),('PORTAL_TITLE','en','Entando Demo'),('PORTAL_TITLE','it','Entando Demo'),('PREV','en','Prev'),('PREV','it','Prec'),('SEARCH','en','Search'),('SEARCH','it','Cerca'),('SEARCHED_FOR','en','You searched for'),('SEARCHED_FOR','it','Hai cercato'),('SEARCH_BY','en','Search by'),('SEARCH_BY','it','Cerca per'),('SEARCH_FORM_TITLE','en','Search'),('SEARCH_FORM_TITLE','it','Cerca'),('SEARCH_GO','en','Go'),('SEARCH_GO','it','Vai'),('SEARCH_NOTHING_FOUND','en','Nothing found.'),('SEARCH_NOTHING_FOUND','it','Nessun risultato trovato.'),('SEARCH_RESULTS','en','Search results'),('SEARCH_RESULTS','it','Risultati della ricerca'),('SEARCH_RESULTS_INTRO','en','You\'ve found'),('SEARCH_RESULTS_INTRO','it','Sono stati trovati'),('SEARCH_RESULTS_OUTRO','en','results'),('SEARCH_RESULTS_OUTRO','it','risultati'),('SLOGAN_DESCRIPTION','en','Entando is the next generation information management platform. It\'s the open source alternative to classic proprietary and open source portal and content management systems.'),('SLOGAN_DESCRIPTION','it','Entando is the next generation information management platform. It\'s the open source alternative to classic proprietary and open source portal and content management systems.'),('SLOGAN_TITLE','en','Welcome to Entando Portal Demo'),('SLOGAN_TITLE','it','Benvenuto nel Portale Demo di Entando'),('TEXT','en','Text'),('TEXT','it','Testo'),('TWEET','en','Tweet'),('TWEET','it','Tweet'),('USERNAME','en','Username'),('USERNAME','it','Utente'),('USER_DESCR_1','en','admin'),('USER_DESCR_1','it','admin'),('USER_DESCR_2','en','intranet user'),('USER_DESCR_2','it','intranet user'),('USER_DESCR_3','en','customer user'),('USER_DESCR_3','it','customer user'),('USER_DESCR_4','en','customer user'),('USER_DESCR_4','it','customer user'),('USER_DESCR_GUEST','en','user'),('USER_DESCR_GUEST','it','user'),('USER_LOGIN_1','en','jeff'),('USER_LOGIN_1','it','jeff'),('USER_LOGIN_2','en','caroline'),('USER_LOGIN_2','it','caroline'),('USER_LOGIN_3','en','max'),('USER_LOGIN_3','it','max'),('USER_LOGIN_4','en','walter'),('USER_LOGIN_4','it','walter'),('USER_LOGIN_GUEST','en','guest'),('USER_LOGIN_GUEST','it','guest'),('USER_NAME_1','en','Jeff'),('USER_NAME_1','it','Jeff'),('USER_NAME_2','en','Caroline'),('USER_NAME_2','it','Caroline'),('USER_NAME_3','en','Max'),('USER_NAME_3','it','Max'),('USER_NAME_4','en','Walter'),('USER_NAME_4','it','Walter'),('USER_NAME_GUEST','en','Guest'),('USER_NAME_GUEST','it','Ospite'),('USER_NOT_ALLOWED','en','User not allowed'),('USER_NOT_ALLOWED','it','Utente non autorizzato'),('USER_PASS_1','en','adminadmin'),('USER_PASS_1','it','adminadmin'),('USER_PASS_2','en','intranet'),('USER_PASS_2','it','intranet'),('USER_PASS_3','en','customer'),('USER_PASS_3','it','customer'),('USER_PASS_4','en','pass'),('USER_PASS_4','it','pass'),('USER_PASS_GUEST','en','pass'),('USER_PASS_GUEST','it','pass'),('USER_STATUS_CREDENTIALS_INVALID','en','Username/Password not valid.'),('USER_STATUS_CREDENTIALS_INVALID','it','Credenziali non valide.'),('VIEW_ALL','en','View All'),('VIEW_ALL','it','View All'),('WELCOME','en','Welcome'),('WELCOME','it','Benvenuto'),('WELCOME_admin','en','<strong>Welcome Admin!</strong> you are an administrator with full control over the entire portal!'),('WELCOME_admin','it','<strong>Benvenuto Admin!</strong> sei un amministratore con controllo completo di tutto il portale!'),('WELCOME_caroline','en','<strong>Welcome Caroline!</strong> you are a co-worker and you can access to the intranet area!'),('WELCOME_caroline','it','<strong>Benvenuta Caroline!</strong> sei una collaboratrice e puoi accedere alla sezione intranet!'),('WELCOME_jeff','en','<strong>Welcome, Jeff</strong>! you are an administrator with full control over the entire portal!'),('WELCOME_jeff','it','<strong>Benvenuto, Jeff!</strong> sei un amministratore con controllo completo di tutto il portale!'),('WELCOME_max','en','<strong>Welcome Max!</strong> you are a customer and you can access to the customer area!'),('WELCOME_max','it','<strong>Welcome Max!</strong> sei un cliente e puoi accedere alla sezione clienti!'),('WIDGET_EDIT_POPUP_TITLE','en','Edit'),('WIDGET_EDIT_POPUP_TITLE','it','Edit'),('YES','en','Yes'),('YES','it','Si');
/*!40000 ALTER TABLE `localstrings` ENABLE KEYS */;
UNLOCK TABLES;

--
-- Table structure for table `pagemodels`
--

DROP TABLE IF EXISTS `pagemodels`;
/*!40101 SET @saved_cs_client     = @@character_set_client */;
/*!40101 SET character_set_client = utf8 */;
CREATE TABLE `pagemodels` (
  `code` varchar(40) NOT NULL,
  `descr` varchar(50) NOT NULL,
  `frames` longtext,
  `plugincode` varchar(30) DEFAULT NULL,
  PRIMARY KEY (`code`)
) ENGINE=InnoDB DEFAULT CHARSET=utf8;
/*!40101 SET character_set_client = @saved_cs_client */;

--
-- Dumping data for table `pagemodels`
--

LOCK TABLES `pagemodels` WRITE;
/*!40000 ALTER TABLE `pagemodels` DISABLE KEYS */;
INSERT INTO `pagemodels` VALUES ('home','Home Page','<frames>\n	<frame locked=\"true\" pos=\"0\">\n		<descr>Top Header I</descr>\n		<defaultShowet code=\"navigation_langbar\" />\n	</frame>\n	<frame locked=\"true\" pos=\"1\">\n		<descr>Top Header II</descr>\n		<defaultShowet code=\"login_form\" />\n	</frame>\n	<frame locked=\"true\" pos=\"2\">\n		<descr>Top Header III</descr>\n	</frame>\n	<frame locked=\"true\" pos=\"3\">\n		<descr>Header I</descr>\n	</frame>\n	<frame locked=\"true\" pos=\"4\">\n		<descr>Header II</descr>\n		<defaultShowet code=\"search_form\" />\n	</frame>\n	<frame locked=\"true\" pos=\"5\">\n		<descr>Header III</descr>\n	</frame>\n	<frame locked=\"true\" pos=\"6\">\n		<descr>Users I</descr>\n	</frame>\n	<frame locked=\"true\" pos=\"7\">\n		<descr>Users II</descr>\n	</frame>\n	<frame locked=\"true\" pos=\"8\">\n		<descr>Users III</descr>\n	</frame>\n	<frame locked=\"true\" pos=\"9\">\n		<descr>Users IV</descr>\n	</frame>\n	<frame locked=\"true\" pos=\"10\">\n		<descr>Content I</descr>\n		<defaultShowet code=\"navigation_menu\">\n			<properties>\n				<property key=\"navSpec\">code(homepage).subtree(1)</property>\n			</properties>\n		</defaultShowet>\n	</frame>\n	<frame locked=\"true\" pos=\"11\">\n		<descr>Content II</descr>\n	</frame>\n	<frame locked=\"true\" pos=\"12\">\n		<descr>Content III</descr>\n	</frame>\n	<frame locked=\"true\" pos=\"13\">\n		<descr>Content IV</descr>\n	</frame>\n	<!-- start column 1 -->\n		<frame column=\"1\" locked=\"false\" pos=\"14\">\n			<descr>Widgets Column 1 - I</descr><defaultShowet code=\"jpmyportalplus_void\" />\n		</frame>\n		<frame column=\"1\" locked=\"false\" pos=\"15\">\n			<descr>Widgets Column 1 - II</descr><defaultShowet code=\"jpmyportalplus_void\" />\n		</frame>\n		<frame column=\"1\" locked=\"false\" pos=\"16\">\n			<descr>Widgets Column 1 - III</descr><defaultShowet code=\"jpmyportalplus_void\" />\n		</frame>\n		<frame column=\"1\" locked=\"false\" pos=\"17\">\n			<descr>Widgets Column 1 - IV</descr><defaultShowet code=\"jpmyportalplus_void\" />\n		</frame>\n		<frame column=\"1\" locked=\"false\" pos=\"18\">\n			<descr>Widgets Column 1 - V</descr><defaultShowet code=\"jpmyportalplus_void\" />\n		</frame>\n		<frame column=\"1\" locked=\"false\" pos=\"19\">\n			<descr>Widgets Column 1 - VI</descr><defaultShowet code=\"jpmyportalplus_void\" />\n		</frame>\n		<frame column=\"1\" locked=\"false\" pos=\"20\">\n			<descr>Widgets Column 1 - VII</descr><defaultShowet code=\"jpmyportalplus_void\" />\n		</frame>\n		<frame column=\"1\" locked=\"false\" pos=\"21\">\n			<descr>Widgets Column 1 - VIII</descr><defaultShowet code=\"jpmyportalplus_void\" />\n		</frame>\n		<frame column=\"1\" locked=\"false\" pos=\"22\">\n			<descr>Widgets Column 1 - IX</descr><defaultShowet code=\"jpmyportalplus_void\" />\n		</frame>\n		<frame column=\"1\" locked=\"false\" pos=\"23\">\n			<descr>Widgets Column 1 - X</descr><defaultShowet code=\"jpmyportalplus_void\" />\n		</frame>\n		<frame column=\"1\" locked=\"false\" pos=\"24\">\n			<descr>Widgets Column 1 - XI</descr><defaultShowet code=\"jpmyportalplus_void\" />\n		</frame>\n		<frame column=\"1\" locked=\"false\" pos=\"25\">\n			<descr>Widgets Column 1 - XII</descr><defaultShowet code=\"jpmyportalplus_void\" />\n		</frame>\n		<frame column=\"1\" locked=\"false\" pos=\"26\">\n			<descr>Widgets Column 1 - XIII</descr><defaultShowet code=\"jpmyportalplus_void\" />\n		</frame>\n		<frame column=\"1\" locked=\"false\" pos=\"27\">\n			<descr>Widgets Column 1 - XIV</descr><defaultShowet code=\"jpmyportalplus_void\" />\n		</frame>\n		<frame column=\"1\" locked=\"false\" pos=\"28\">\n			<descr>Widgets Column 1 - XV</descr><defaultShowet code=\"jpmyportalplus_void\" />\n		</frame>\n		<frame column=\"1\" locked=\"false\" pos=\"29\">\n			<descr>Widgets Column 1 - XVI</descr><defaultShowet code=\"jpmyportalplus_void\" />\n		</frame>\n		<frame column=\"1\" locked=\"false\" pos=\"30\">\n			<descr>Widgets Column 1 - XVII</descr><defaultShowet code=\"jpmyportalplus_void\" />\n		</frame>\n		<frame column=\"1\" locked=\"false\" pos=\"31\">\n			<descr>Widgets Column 1 - XVIII</descr><defaultShowet code=\"jpmyportalplus_void\" />\n		</frame>\n		<frame column=\"1\" locked=\"false\" pos=\"32\">\n			<descr>Widgets Column 1 - XIX</descr><defaultShowet code=\"jpmyportalplus_void\" />\n		</frame>\n		<frame column=\"1\" locked=\"false\" pos=\"33\">\n			<descr>Widgets Column 1 - XX</descr><defaultShowet code=\"jpmyportalplus_void\" />\n		</frame>\n		<frame column=\"1\" locked=\"false\" pos=\"34\">\n			<descr>Widgets Column 1 - XXI</descr><defaultShowet code=\"jpmyportalplus_void\" />\n		</frame>\n		<frame column=\"1\" locked=\"false\" pos=\"35\">\n			<descr>Widgets Column 1 - XXII</descr><defaultShowet code=\"jpmyportalplus_void\" />\n		</frame>\n		<frame column=\"1\" locked=\"false\" pos=\"36\">\n			<descr>Widgets Column 1 - XXIII</descr><defaultShowet code=\"jpmyportalplus_void\" />\n		</frame>\n		<frame column=\"1\" locked=\"false\" pos=\"37\">\n			<descr>Widgets Column 1 - XXIV</descr><defaultShowet code=\"jpmyportalplus_void\" />\n		</frame>\n		<frame column=\"1\" locked=\"false\" pos=\"38\">\n			<descr>Widgets Column 1 - XXV</descr><defaultShowet code=\"jpmyportalplus_void\" />\n		</frame>\n		<frame column=\"1\" locked=\"false\" pos=\"39\">\n			<descr>Widgets Column 1 - XXVI</descr><defaultShowet code=\"jpmyportalplus_void\" />\n		</frame>\n		<frame column=\"1\" locked=\"false\" pos=\"40\">\n			<descr>Widgets Column 1 - XXVII</descr><defaultShowet code=\"jpmyportalplus_void\" />\n		</frame>\n		<frame column=\"1\" locked=\"false\" pos=\"41\">\n			<descr>Widgets Column 1 - XXVIII</descr><defaultShowet code=\"jpmyportalplus_void\" />\n		</frame>\n		<frame column=\"1\" locked=\"false\" pos=\"42\">\n			<descr>Widgets Column 1 - XXIX</descr><defaultShowet code=\"jpmyportalplus_void\" />\n		</frame>\n		<frame column=\"1\" locked=\"false\" pos=\"43\">\n			<descr>Widgets Column 1 - XXX</descr><defaultShowet code=\"jpmyportalplus_void\" />\n		</frame>\n		<frame column=\"1\" locked=\"false\" pos=\"44\">\n			<descr>Widgets Column 1 - XXXI</descr><defaultShowet code=\"jpmyportalplus_void\" />\n		</frame>\n		<frame column=\"1\" locked=\"false\" pos=\"45\">\n			<descr>Widgets Column 1 - XXXII</descr><defaultShowet code=\"jpmyportalplus_void\" />\n		</frame>\n		<frame column=\"1\" locked=\"false\" pos=\"46\">\n			<descr>Widgets Column 1 - XXXIII</descr><defaultShowet code=\"jpmyportalplus_void\" />\n		</frame>\n		<frame column=\"1\" locked=\"false\" pos=\"47\">\n			<descr>Widgets Column 1 - XXXIV</descr><defaultShowet code=\"jpmyportalplus_void\" />\n		</frame>\n		<frame column=\"1\" locked=\"false\" pos=\"48\">\n			<descr>Widgets Column 1 - XXXV</descr><defaultShowet code=\"jpmyportalplus_void\" />\n		</frame>\n		<frame column=\"1\" locked=\"false\" pos=\"49\">\n			<descr>Widgets Column 1 - XXXVI</descr><defaultShowet code=\"jpmyportalplus_void\" />\n		</frame>\n		<frame column=\"1\" locked=\"false\" pos=\"50\">\n			<descr>Widgets Column 1 - XXXVII</descr><defaultShowet code=\"jpmyportalplus_void\" />\n		</frame>\n		<frame column=\"1\" locked=\"false\" pos=\"51\">\n			<descr>Widgets Column 1 - XXXVIII</descr><defaultShowet code=\"jpmyportalplus_void\" />\n		</frame>\n		<frame column=\"1\" locked=\"false\" pos=\"52\">\n			<descr>Widgets Column 1 - XXXIX</descr><defaultShowet code=\"jpmyportalplus_void\" />\n		</frame>\n		<frame column=\"1\" locked=\"false\" pos=\"53\">\n			<descr>Widgets Column 1 - XL</descr><defaultShowet code=\"jpmyportalplus_void\" />\n		</frame>\n		<frame column=\"1\" locked=\"false\" pos=\"54\">\n			<descr>Widgets Column 1 - XLI</descr><defaultShowet code=\"jpmyportalplus_void\" />\n		</frame>\n		<frame column=\"1\" locked=\"false\" pos=\"55\">\n			<descr>Widgets Column 1 - XLII</descr><defaultShowet code=\"jpmyportalplus_void\" />\n		</frame>\n		<frame column=\"1\" locked=\"false\" pos=\"56\">\n			<descr>Widgets Column 1 - XLIII</descr><defaultShowet code=\"jpmyportalplus_void\" />\n		</frame>\n		<frame column=\"1\" locked=\"false\" pos=\"57\">\n			<descr>Widgets Column 1 - XLIV</descr><defaultShowet code=\"jpmyportalplus_void\" />\n		</frame>\n		<frame column=\"1\" locked=\"false\" pos=\"58\">\n			<descr>Widgets Column 1 - XLV</descr><defaultShowet code=\"jpmyportalplus_void\" />\n		</frame>\n		<frame column=\"1\" locked=\"false\" pos=\"59\">\n			<descr>Widgets Column 1 - XLVI</descr><defaultShowet code=\"jpmyportalplus_void\" />\n		</frame>\n		<frame column=\"1\" locked=\"false\" pos=\"60\">\n			<descr>Widgets Column 1 - XLVII</descr><defaultShowet code=\"jpmyportalplus_void\" />\n		</frame>\n		<frame column=\"1\" locked=\"false\" pos=\"61\">\n			<descr>Widgets Column 1 - XLVIII</descr><defaultShowet code=\"jpmyportalplus_void\" />\n		</frame>\n		<frame column=\"1\" locked=\"false\" pos=\"62\">\n			<descr>Widgets Column 1 - XLIX</descr><defaultShowet code=\"jpmyportalplus_void\" />\n		</frame>\n		<frame column=\"1\" locked=\"false\" pos=\"63\">\n			<descr>Widgets Column 1 - L</descr><defaultShowet code=\"jpmyportalplus_void\" />\n		</frame>\n		<!-- end column 1 -->\n		<!-- start column 2 -->\n		<frame column=\"2\" locked=\"false\" pos=\"64\">\n			<descr>Widgets Column 2 - I</descr><defaultShowet code=\"jpmyportalplus_void\" />\n		</frame>\n		<frame column=\"2\" locked=\"false\" pos=\"65\">\n			<descr>Widgets Column 2 - II</descr><defaultShowet code=\"jpmyportalplus_void\" />\n		</frame>\n		<frame column=\"2\" locked=\"false\" pos=\"66\">\n			<descr>Widgets Column 2 - III</descr><defaultShowet code=\"jpmyportalplus_void\" />\n		</frame>\n		<frame column=\"2\" locked=\"false\" pos=\"67\">\n			<descr>Widgets Column 2 - IV</descr><defaultShowet code=\"jpmyportalplus_void\" />\n		</frame>\n		<frame column=\"2\" locked=\"false\" pos=\"68\">\n			<descr>Widgets Column 2 - V</descr><defaultShowet code=\"jpmyportalplus_void\" />\n		</frame>\n		<frame column=\"2\" locked=\"false\" pos=\"69\">\n			<descr>Widgets Column 2 - VI</descr><defaultShowet code=\"jpmyportalplus_void\" />\n		</frame>\n		<frame column=\"2\" locked=\"false\" pos=\"70\">\n			<descr>Widgets Column 2 - VII</descr><defaultShowet code=\"jpmyportalplus_void\" />\n		</frame>\n		<frame column=\"2\" locked=\"false\" pos=\"71\">\n			<descr>Widgets Column 2 - VIII</descr><defaultShowet code=\"jpmyportalplus_void\" />\n		</frame>\n		<frame column=\"2\" locked=\"false\" pos=\"72\">\n			<descr>Widgets Column 2 - IX</descr><defaultShowet code=\"jpmyportalplus_void\" />\n		</frame>\n		<frame column=\"2\" locked=\"false\" pos=\"73\">\n			<descr>Widgets Column 2 - X</descr><defaultShowet code=\"jpmyportalplus_void\" />\n		</frame>\n		<frame column=\"2\" locked=\"false\" pos=\"74\">\n			<descr>Widgets Column 2 - XI</descr><defaultShowet code=\"jpmyportalplus_void\" />\n		</frame>\n		<frame column=\"2\" locked=\"false\" pos=\"75\">\n			<descr>Widgets Column 2 - XII</descr><defaultShowet code=\"jpmyportalplus_void\" />\n		</frame>\n		<frame column=\"2\" locked=\"false\" pos=\"76\">\n			<descr>Widgets Column 2 - XIII</descr><defaultShowet code=\"jpmyportalplus_void\" />\n		</frame>\n		<frame column=\"2\" locked=\"false\" pos=\"77\">\n			<descr>Widgets Column 2 - XIV</descr><defaultShowet code=\"jpmyportalplus_void\" />\n		</frame>\n		<frame column=\"2\" locked=\"false\" pos=\"78\">\n			<descr>Widgets Column 2 - XV</descr><defaultShowet code=\"jpmyportalplus_void\" />\n		</frame>\n		<frame column=\"2\" locked=\"false\" pos=\"79\">\n			<descr>Widgets Column 2 - XVI</descr><defaultShowet code=\"jpmyportalplus_void\" />\n		</frame>\n		<frame column=\"2\" locked=\"false\" pos=\"80\">\n			<descr>Widgets Column 2 - XVII</descr><defaultShowet code=\"jpmyportalplus_void\" />\n		</frame>\n		<frame column=\"2\" locked=\"false\" pos=\"81\">\n			<descr>Widgets Column 2 - XVIII</descr><defaultShowet code=\"jpmyportalplus_void\" />\n		</frame>\n		<frame column=\"2\" locked=\"false\" pos=\"82\">\n			<descr>Widgets Column 2 - XIX</descr><defaultShowet code=\"jpmyportalplus_void\" />\n		</frame>\n		<frame column=\"2\" locked=\"false\" pos=\"83\">\n			<descr>Widgets Column 2 - XX</descr><defaultShowet code=\"jpmyportalplus_void\" />\n		</frame>\n		<frame column=\"2\" locked=\"false\" pos=\"84\">\n			<descr>Widgets Column 2 - XXI</descr><defaultShowet code=\"jpmyportalplus_void\" />\n		</frame>\n		<frame column=\"2\" locked=\"false\" pos=\"85\">\n			<descr>Widgets Column 2 - XXII</descr><defaultShowet code=\"jpmyportalplus_void\" />\n		</frame>\n		<frame column=\"2\" locked=\"false\" pos=\"86\">\n			<descr>Widgets Column 2 - XXIII</descr><defaultShowet code=\"jpmyportalplus_void\" />\n		</frame>\n		<frame column=\"2\" locked=\"false\" pos=\"87\">\n			<descr>Widgets Column 2 - XXIV</descr><defaultShowet code=\"jpmyportalplus_void\" />\n		</frame>\n		<frame column=\"2\" locked=\"false\" pos=\"88\">\n			<descr>Widgets Column 2 - XXV</descr><defaultShowet code=\"jpmyportalplus_void\" />\n		</frame>\n		<frame column=\"2\" locked=\"false\" pos=\"89\">\n			<descr>Widgets Column 2 - XXVI</descr><defaultShowet code=\"jpmyportalplus_void\" />\n		</frame>\n		<frame column=\"2\" locked=\"false\" pos=\"90\">\n			<descr>Widgets Column 2 - XXVII</descr><defaultShowet code=\"jpmyportalplus_void\" />\n		</frame>\n		<frame column=\"2\" locked=\"false\" pos=\"91\">\n			<descr>Widgets Column 2 - XXVIII</descr><defaultShowet code=\"jpmyportalplus_void\" />\n		</frame>\n		<frame column=\"2\" locked=\"false\" pos=\"92\">\n			<descr>Widgets Column 2 - XXIX</descr><defaultShowet code=\"jpmyportalplus_void\" />\n		</frame>\n		<frame column=\"2\" locked=\"false\" pos=\"93\">\n			<descr>Widgets Column 2 - XXX</descr><defaultShowet code=\"jpmyportalplus_void\" />\n		</frame>\n		<frame column=\"2\" locked=\"false\" pos=\"94\">\n			<descr>Widgets Column 2 - XXXI</descr><defaultShowet code=\"jpmyportalplus_void\" />\n		</frame>\n		<frame column=\"2\" locked=\"false\" pos=\"95\">\n			<descr>Widgets Column 2 - XXXII</descr><defaultShowet code=\"jpmyportalplus_void\" />\n		</frame>\n		<frame column=\"2\" locked=\"false\" pos=\"96\">\n			<descr>Widgets Column 2 - XXXIII</descr><defaultShowet code=\"jpmyportalplus_void\" />\n		</frame>\n		<frame column=\"2\" locked=\"false\" pos=\"97\">\n			<descr>Widgets Column 2 - XXXIV</descr><defaultShowet code=\"jpmyportalplus_void\" />\n		</frame>\n		<frame column=\"2\" locked=\"false\" pos=\"98\">\n			<descr>Widgets Column 2 - XXXV</descr><defaultShowet code=\"jpmyportalplus_void\" />\n		</frame>\n		<frame column=\"2\" locked=\"false\" pos=\"99\">\n			<descr>Widgets Column 2 - XXXVI</descr><defaultShowet code=\"jpmyportalplus_void\" />\n		</frame>\n		<frame column=\"2\" locked=\"false\" pos=\"100\">\n			<descr>Widgets Column 2 - XXXVII</descr><defaultShowet code=\"jpmyportalplus_void\" />\n		</frame>\n		<frame column=\"2\" locked=\"false\" pos=\"101\">\n			<descr>Widgets Column 2 - XXXVIII</descr><defaultShowet code=\"jpmyportalplus_void\" />\n		</frame>\n		<frame column=\"2\" locked=\"false\" pos=\"102\">\n			<descr>Widgets Column 2 - XXXIX</descr><defaultShowet code=\"jpmyportalplus_void\" />\n		</frame>\n		<frame column=\"2\" locked=\"false\" pos=\"103\">\n			<descr>Widgets Column 2 - XL</descr><defaultShowet code=\"jpmyportalplus_void\" />\n		</frame>\n		<frame column=\"2\" locked=\"false\" pos=\"104\">\n			<descr>Widgets Column 2 - XLI</descr><defaultShowet code=\"jpmyportalplus_void\" />\n		</frame>\n		<frame column=\"2\" locked=\"false\" pos=\"105\">\n			<descr>Widgets Column 2 - XLII</descr><defaultShowet code=\"jpmyportalplus_void\" />\n		</frame>\n		<frame column=\"2\" locked=\"false\" pos=\"106\">\n			<descr>Widgets Column 2 - XLIII</descr><defaultShowet code=\"jpmyportalplus_void\" />\n		</frame>\n		<frame column=\"2\" locked=\"false\" pos=\"107\">\n			<descr>Widgets Column 2 - XLIV</descr><defaultShowet code=\"jpmyportalplus_void\" />\n		</frame>\n		<frame column=\"2\" locked=\"false\" pos=\"108\">\n			<descr>Widgets Column 2 - XLV</descr><defaultShowet code=\"jpmyportalplus_void\" />\n		</frame>\n		<frame column=\"2\" locked=\"false\" pos=\"109\">\n			<descr>Widgets Column 2 - XLVI</descr><defaultShowet code=\"jpmyportalplus_void\" />\n		</frame>\n		<frame column=\"2\" locked=\"false\" pos=\"110\">\n			<descr>Widgets Column 2 - XLVII</descr><defaultShowet code=\"jpmyportalplus_void\" />\n		</frame>\n		<frame column=\"2\" locked=\"false\" pos=\"111\">\n			<descr>Widgets Column 2 - XLVIII</descr><defaultShowet code=\"jpmyportalplus_void\" />\n		</frame>\n		<frame column=\"2\" locked=\"false\" pos=\"112\">\n			<descr>Widgets Column 2 - XLIX</descr><defaultShowet code=\"jpmyportalplus_void\" />\n		</frame>\n		<frame column=\"2\" locked=\"false\" pos=\"113\">\n			<descr>Widgets Column 2 - L</descr><defaultShowet code=\"jpmyportalplus_void\" />\n		</frame>\n	<!--  end column 2 -->\n	<!--  start column 3 -->\n		<frame column=\"3\" locked=\"false\" pos=\"114\">\n			<descr>Widgets Column 3 - I</descr><defaultShowet code=\"jpmyportalplus_void\" />\n		</frame>\n		<frame column=\"3\" locked=\"false\" pos=\"115\">\n			<descr>Widgets Column 3 - II</descr><defaultShowet code=\"jpmyportalplus_void\" />\n		</frame>\n		<frame column=\"3\" locked=\"false\" pos=\"116\">\n			<descr>Widgets Column 3 - III</descr><defaultShowet code=\"jpmyportalplus_void\" />\n		</frame>\n		<frame column=\"3\" locked=\"false\" pos=\"117\">\n			<descr>Widgets Column 3 - IV</descr><defaultShowet code=\"jpmyportalplus_void\" />\n		</frame>\n		<frame column=\"3\" locked=\"false\" pos=\"118\">\n			<descr>Widgets Column 3 - V</descr><defaultShowet code=\"jpmyportalplus_void\" />\n		</frame>\n		<frame column=\"3\" locked=\"false\" pos=\"119\">\n			<descr>Widgets Column 3 - VI</descr><defaultShowet code=\"jpmyportalplus_void\" />\n		</frame>\n		<frame column=\"3\" locked=\"false\" pos=\"120\">\n			<descr>Widgets Column 3 - VII</descr><defaultShowet code=\"jpmyportalplus_void\" />\n		</frame>\n		<frame column=\"3\" locked=\"false\" pos=\"121\">\n			<descr>Widgets Column 3 - VIII</descr><defaultShowet code=\"jpmyportalplus_void\" />\n		</frame>\n		<frame column=\"3\" locked=\"false\" pos=\"122\">\n			<descr>Widgets Column 3 - IX</descr><defaultShowet code=\"jpmyportalplus_void\" />\n		</frame>\n		<frame column=\"3\" locked=\"false\" pos=\"123\">\n			<descr>Widgets Column 3 - X</descr><defaultShowet code=\"jpmyportalplus_void\" />\n		</frame>\n		<frame column=\"3\" locked=\"false\" pos=\"124\">\n			<descr>Widgets Column 3 - XI</descr><defaultShowet code=\"jpmyportalplus_void\" />\n		</frame>\n		<frame column=\"3\" locked=\"false\" pos=\"125\">\n			<descr>Widgets Column 3 - XII</descr><defaultShowet code=\"jpmyportalplus_void\" />\n		</frame>\n		<frame column=\"3\" locked=\"false\" pos=\"126\">\n			<descr>Widgets Column 3 - XIII</descr><defaultShowet code=\"jpmyportalplus_void\" />\n		</frame>\n		<frame column=\"3\" locked=\"false\" pos=\"127\">\n			<descr>Widgets Column 3 - XIV</descr><defaultShowet code=\"jpmyportalplus_void\" />\n		</frame>\n		<frame column=\"3\" locked=\"false\" pos=\"128\">\n			<descr>Widgets Column 3 - XV</descr><defaultShowet code=\"jpmyportalplus_void\" />\n		</frame>\n		<frame column=\"3\" locked=\"false\" pos=\"129\">\n			<descr>Widgets Column 3 - XVI</descr><defaultShowet code=\"jpmyportalplus_void\" />\n		</frame>\n		<frame column=\"3\" locked=\"false\" pos=\"130\">\n			<descr>Widgets Column 3 - XVII</descr><defaultShowet code=\"jpmyportalplus_void\" />\n		</frame>\n		<frame column=\"3\" locked=\"false\" pos=\"131\">\n			<descr>Widgets Column 3 - XVIII</descr><defaultShowet code=\"jpmyportalplus_void\" />\n		</frame>\n		<frame column=\"3\" locked=\"false\" pos=\"132\">\n			<descr>Widgets Column 3 - XIX</descr><defaultShowet code=\"jpmyportalplus_void\" />\n		</frame>\n		<frame column=\"3\" locked=\"false\" pos=\"133\">\n			<descr>Widgets Column 3 - XX</descr><defaultShowet code=\"jpmyportalplus_void\" />\n		</frame>\n		<frame column=\"3\" locked=\"false\" pos=\"134\">\n			<descr>Widgets Column 3 - XXI</descr><defaultShowet code=\"jpmyportalplus_void\" />\n		</frame>\n		<frame column=\"3\" locked=\"false\" pos=\"135\">\n			<descr>Widgets Column 3 - XXII</descr><defaultShowet code=\"jpmyportalplus_void\" />\n		</frame>\n		<frame column=\"3\" locked=\"false\" pos=\"136\">\n			<descr>Widgets Column 3 - XXIII</descr><defaultShowet code=\"jpmyportalplus_void\" />\n		</frame>\n		<frame column=\"3\" locked=\"false\" pos=\"137\">\n			<descr>Widgets Column 3 - XXIV</descr><defaultShowet code=\"jpmyportalplus_void\" />\n		</frame>\n		<frame column=\"3\" locked=\"false\" pos=\"138\">\n			<descr>Widgets Column 3 - XXV</descr><defaultShowet code=\"jpmyportalplus_void\" />\n		</frame>\n		<frame column=\"3\" locked=\"false\" pos=\"139\">\n			<descr>Widgets Column 3 - XXVI</descr><defaultShowet code=\"jpmyportalplus_void\" />\n		</frame>\n		<frame column=\"3\" locked=\"false\" pos=\"140\">\n			<descr>Widgets Column 3 - XXVII</descr><defaultShowet code=\"jpmyportalplus_void\" />\n		</frame>\n		<frame column=\"3\" locked=\"false\" pos=\"141\">\n			<descr>Widgets Column 3 - XXVIII</descr><defaultShowet code=\"jpmyportalplus_void\" />\n		</frame>\n		<frame column=\"3\" locked=\"false\" pos=\"142\">\n			<descr>Widgets Column 3 - XXIX</descr><defaultShowet code=\"jpmyportalplus_void\" />\n		</frame>\n		<frame column=\"3\" locked=\"false\" pos=\"143\">\n			<descr>Widgets Column 3 - XXX</descr><defaultShowet code=\"jpmyportalplus_void\" />\n		</frame>\n		<frame column=\"3\" locked=\"false\" pos=\"144\">\n			<descr>Widgets Column 3 - XXXI</descr><defaultShowet code=\"jpmyportalplus_void\" />\n		</frame>\n		<frame column=\"3\" locked=\"false\" pos=\"145\">\n			<descr>Widgets Column 3 - XXXII</descr><defaultShowet code=\"jpmyportalplus_void\" />\n		</frame>\n		<frame column=\"3\" locked=\"false\" pos=\"146\">\n			<descr>Widgets Column 3 - XXXIII</descr><defaultShowet code=\"jpmyportalplus_void\" />\n		</frame>\n		<frame column=\"3\" locked=\"false\" pos=\"147\">\n			<descr>Widgets Column 3 - XXXIV</descr><defaultShowet code=\"jpmyportalplus_void\" />\n		</frame>\n		<frame column=\"3\" locked=\"false\" pos=\"148\">\n			<descr>Widgets Column 3 - XXXV</descr><defaultShowet code=\"jpmyportalplus_void\" />\n		</frame>\n		<frame column=\"3\" locked=\"false\" pos=\"149\">\n			<descr>Widgets Column 3 - XXXVI</descr><defaultShowet code=\"jpmyportalplus_void\" />\n		</frame>\n		<frame column=\"3\" locked=\"false\" pos=\"150\">\n			<descr>Widgets Column 3 - XXXVII</descr><defaultShowet code=\"jpmyportalplus_void\" />\n		</frame>\n		<frame column=\"3\" locked=\"false\" pos=\"151\">\n			<descr>Widgets Column 3 - XXXVIII</descr><defaultShowet code=\"jpmyportalplus_void\" />\n		</frame>\n		<frame column=\"3\" locked=\"false\" pos=\"152\">\n			<descr>Widgets Column 3 - XXXIX</descr><defaultShowet code=\"jpmyportalplus_void\" />\n		</frame>\n		<frame column=\"3\" locked=\"false\" pos=\"153\">\n			<descr>Widgets Column 3 - XL</descr><defaultShowet code=\"jpmyportalplus_void\" />\n		</frame>\n		<frame column=\"3\" locked=\"false\" pos=\"154\">\n			<descr>Widgets Column 3 - XLI</descr><defaultShowet code=\"jpmyportalplus_void\" />\n		</frame>\n		<frame column=\"3\" locked=\"false\" pos=\"155\">\n			<descr>Widgets Column 3 - XLII</descr><defaultShowet code=\"jpmyportalplus_void\" />\n		</frame>\n		<frame column=\"3\" locked=\"false\" pos=\"156\">\n			<descr>Widgets Column 3 - XLIII</descr><defaultShowet code=\"jpmyportalplus_void\" />\n		</frame>\n		<frame column=\"3\" locked=\"false\" pos=\"157\">\n			<descr>Widgets Column 3 - XLIV</descr><defaultShowet code=\"jpmyportalplus_void\" />\n		</frame>\n		<frame column=\"3\" locked=\"false\" pos=\"158\">\n			<descr>Widgets Column 3 - XLV</descr><defaultShowet code=\"jpmyportalplus_void\" />\n		</frame>\n		<frame column=\"3\" locked=\"false\" pos=\"159\">\n			<descr>Widgets Column 3 - XLVI</descr><defaultShowet code=\"jpmyportalplus_void\" />\n		</frame>\n		<frame column=\"3\" locked=\"false\" pos=\"160\">\n			<descr>Widgets Column 3 - XLVII</descr><defaultShowet code=\"jpmyportalplus_void\" />\n		</frame>\n		<frame column=\"3\" locked=\"false\" pos=\"161\">\n			<descr>Widgets Column 3 - XLVIII</descr><defaultShowet code=\"jpmyportalplus_void\" />\n		</frame>\n		<frame column=\"3\" locked=\"false\" pos=\"162\">\n			<descr>Widgets Column 3 - XLIX</descr><defaultShowet code=\"jpmyportalplus_void\" />\n		</frame>\n		<frame column=\"3\" locked=\"false\" pos=\"163\">\n			<descr>Widgets Column 3 - L</descr><defaultShowet code=\"jpmyportalplus_void\" />\n		</frame>\n	<!--  end column 3 -->\n	<frame locked=\"true\" pos=\"164\">\n		<descr>Footer I</descr>\n	</frame>\n	<frame locked=\"true\" pos=\"165\">\n		<descr>Footer II</descr>\n	</frame>\n	<frame locked=\"true\" pos=\"166\">\n		<descr>Footer III</descr>\n		<defaultShowet code=\"jpsharewith\" />\n	</frame>\n	<frame locked=\"true\" pos=\"167\">\n		<descr>Footer IV</descr>\n		<defaultShowet code=\"navigation_menu\">\n			<properties>\n				<property key=\"navSpec\">code(homepage) + code(view_content_test)</property>\n			</properties>\n		</defaultShowet>\n	</frame>\n</frames>',NULL),('internal','Internal','<frames>\n	<frame locked=\"true\" pos=\"0\">\n		<descr>Top Header I</descr>\n		<defaultShowlet code=\"navigation_langbar\" />\n	</frame>\n	<frame locked=\"true\" pos=\"1\">\n		<descr>Top Header II</descr>\n<defaultShowlet code=\"login_form\" />\n	</frame>\n	<frame locked=\"true\" pos=\"2\">\n		<descr>Top Header III</descr>\n	</frame>\n	<frame locked=\"true\" pos=\"3\">\n		<descr>Header I</descr>\n	</frame>\n	<frame locked=\"true\" pos=\"4\">\n		<descr>Header II</descr>\n		<defaultShowlet code=\"search_form\" />\n	</frame>\n	<frame locked=\"true\" pos=\"5\">\n		<descr>Header III</descr>\n	</frame>\n	<frame locked=\"true\" pos=\"6\">\n		<descr>Users I</descr>\n	</frame>\n	<frame locked=\"true\" pos=\"7\">\n		<descr>Users II</descr>\n	</frame>\n	<frame locked=\"true\" pos=\"8\">\n		<descr>Users III</descr>\n	</frame>\n	<frame locked=\"true\" pos=\"9\">\n		<descr>Users IV</descr>\n	</frame>\n	<frame locked=\"true\" pos=\"10\">\n		<descr>Content I</descr>\n		<defaultShowlet code=\"navigation_menu\">\n			<properties>\n				<property key=\"navSpec\">code(homepage).subtree(1)</property>\n			</properties>\n		</defaultShowlet>\n	</frame>\n	<frame locked=\"true\" pos=\"11\">\n		<descr>Content II</descr>\n	</frame>\n	<frame locked=\"true\" pos=\"12\">\n		<descr>Content III</descr>\n	</frame>\n	<frame locked=\"true\" pos=\"13\">\n		<descr>Content IV</descr>\n	</frame>\n	<frame locked=\"true\" pos=\"14\" main=\"true\">\n		<descr>Left Column I</descr>\n	</frame>\n	<frame locked=\"true\" pos=\"15\">\n		<descr>Left Column II</descr>\n	</frame>\n	<frame locked=\"true\" pos=\"16\">\n		<descr>Left Column III</descr>\n	</frame>\n	<frame locked=\"true\" pos=\"17\">\n		<descr>Left Column IV</descr>\n	</frame>\n	<frame locked=\"true\" pos=\"18\">\n		<descr>Left Column V</descr>\n	</frame>\n	<frame locked=\"true\" pos=\"19\">\n		<descr>Left Column VI</descr>\n	</frame>\n	<frame locked=\"true\" pos=\"20\">\n		<descr>Left Column VII</descr>\n	</frame>\n	<frame locked=\"true\" pos=\"21\">\n		<descr>Left Column VIII</descr>\n	</frame>\n	<frame locked=\"true\" pos=\"22\">\n		<descr>Left Column IX</descr>\n	</frame>\n	<frame locked=\"true\" pos=\"23\">\n		<descr>Left Column X</descr>\n	</frame>\n	<frame locked=\"true\" pos=\"24\">\n		<descr>Right Column I</descr>\n	</frame>\n	<frame locked=\"true\" pos=\"25\">\n		<descr>Right Column II</descr>\n	</frame>\n	<frame locked=\"true\" pos=\"26\">\n		<descr>Right Column III</descr>\n	</frame>\n	<frame locked=\"true\" pos=\"27\">\n		<descr>Right Column IV</descr>\n	</frame>\n	<frame locked=\"true\" pos=\"28\">\n		<descr>Right Column V</descr>\n	</frame>\n	<frame locked=\"true\" pos=\"29\">\n		<descr>Right Column VI</descr>\n	</frame>\n	<frame locked=\"true\" pos=\"30\">\n		<descr>Right Column VII</descr>\n	</frame>\n	<frame locked=\"true\" pos=\"31\">\n		<descr>Right Column VIII</descr>\n	</frame>\n	<frame locked=\"true\" pos=\"32\">\n		<descr>Right Column IX</descr>\n	</frame>\n	<frame locked=\"true\" pos=\"33\">\n		<descr>Right Column X</descr>\n	</frame>\n	<frame locked=\"true\" pos=\"34\">\n		<descr>Footer I</descr>\n	</frame>\n	<frame locked=\"true\" pos=\"35\">\n		<descr>Footer II</descr>\n	</frame>\n	<frame locked=\"true\" pos=\"36\">\n		<descr>Footer III</descr>\n		<defaultShowlet code=\"jpsharewith\" />\n	</frame>\n	<frame locked=\"true\" pos=\"37\">\n		<descr>Footer IV</descr>\n	</frame>\n</frames>',NULL);
/*!40000 ALTER TABLE `pagemodels` ENABLE KEYS */;
UNLOCK TABLES;

--
-- Table structure for table `pages`
--

DROP TABLE IF EXISTS `pages`;
/*!40101 SET @saved_cs_client     = @@character_set_client */;
/*!40101 SET character_set_client = utf8 */;
CREATE TABLE `pages` (
  `code` varchar(30) NOT NULL,
  `parentcode` varchar(30) DEFAULT NULL,
  `pos` int(11) NOT NULL,
  `modelcode` varchar(40) NOT NULL,
  `titles` longtext,
  `groupcode` varchar(30) NOT NULL,
  `showinmenu` tinyint(4) NOT NULL,
  `extraconfig` longtext,
  PRIMARY KEY (`code`),
  KEY `pages_modelcode_fkey` (`modelcode`),
  CONSTRAINT `pages_modelcode_fkey` FOREIGN KEY (`modelcode`) REFERENCES `pagemodels` (`code`) ON DELETE NO ACTION ON UPDATE NO ACTION
) ENGINE=InnoDB DEFAULT CHARSET=utf8;
/*!40101 SET character_set_client = @saved_cs_client */;

--
-- Dumping data for table `pages`
--

LOCK TABLES `pages` WRITE;
/*!40000 ALTER TABLE `pages` DISABLE KEYS */;
INSERT INTO `pages` VALUES ('apis','homepage',6,'internal','<?xml version=\"1.0\" encoding=\"UTF-8\"?>\n<properties>\n<property key=\"en\">APIs</property>\n<property key=\"it\">APIs</property>\n</properties>\n\n','free',1,'<?xml version=\"1.0\" encoding=\"UTF-8\"?>\n<config>\n  <useextratitles>false</useextratitles>\n</config>\n\n'),('configure_latest_documents','service',7,'internal','<?xml version=\"1.0\" encoding=\"UTF-8\"?>\n<properties>\n<property key=\"en\">Latest Documents</property>\n<property key=\"it\">Ultimi documenti</property>\n</properties>\n\n','free',0,'<?xml version=\"1.0\" encoding=\"UTF-8\"?>\n<config>\n  <useextratitles>false</useextratitles>\n</config>\n\n'),('contentsview','service',8,'internal','<?xml version=\"1.0\" encoding=\"UTF-8\"?>\n<properties>\n<property key=\"en\">Read the content</property>\n<property key=\"it\">Leggi il Contenuto</property>\n</properties>\n\n','free',0,'<?xml version=\"1.0\" encoding=\"UTF-8\"?>\n<config>\n  <useextratitles>false</useextratitles>\n</config>\n\n'),('errorpage','service',5,'internal','<?xml version=\"1.0\" encoding=\"UTF-8\"?>\n<properties>\n<property key=\"en\">Error page</property>\n<property key=\"it\">Pagina di errore</property>\n</properties>\n\n','free',1,NULL),('events','homepage',3,'internal','<?xml version=\"1.0\" encoding=\"UTF-8\"?>\n<properties>\n<property key=\"en\">Events</property>\n<property key=\"it\">Eventi</property>\n</properties>\n\n','free',1,'<?xml version=\"1.0\" encoding=\"UTF-8\"?>\n<config>\n  <useextratitles>true</useextratitles>\n</config>\n\n'),('fastcontentedit','service',9,'internal','<?xml version=\"1.0\" encoding=\"UTF-8\"?>\n<properties>\n<property key=\"en\">Frontent Content Editing</property>\n<property key=\"it\">Modifica Contenuto da Frontend</property>\n</properties>\n\n','free',1,'<?xml version=\"1.0\" encoding=\"UTF-8\"?>\n<config>\n  <useextratitles>true</useextratitles>\n</config>\n\n'),('formview','service',10,'internal','<?xml version=\"1.0\" encoding=\"UTF-8\"?>\n<properties>\n<property key=\"en\">Dynamic Form</property>\n<property key=\"it\">Form Dinamico</property>\n</properties>\n\n','free',0,'<?xml version=\"1.0\" encoding=\"UTF-8\"?>\n<config>\n  <useextratitles>true</useextratitles>\n</config>\n\n'),('homepage','homepage',-1,'home','<?xml version=\"1.0\" encoding=\"UTF-8\"?>\n<properties>\n<property key=\"en\">Home</property>\n<property key=\"it\">Home</property>\n</properties>\n\n','free',1,NULL),('login','service',5,'internal','<?xml version=\"1.0\" encoding=\"UTF-8\"?>\n<properties>\n<property key=\"it\">Pagina di login</property>\n<property key=\"en\">Login</property>\n</properties>','free',1,NULL),('newsview','service',5,'internal','<?xml version=\"1.0\" encoding=\"UTF-8\"?>\n<properties>\n<property key=\"en\">Read the News</property>\n<property key=\"it\">Leggi la Notizia</property>\n</properties>\n\n','free',0,'<?xml version=\"1.0\" encoding=\"UTF-8\"?>\n<config>\n  <useextratitles>true</useextratitles>\n</config>\n\n'),('news_archive','homepage',2,'internal','<?xml version=\"1.0\" encoding=\"UTF-8\"?>\n<properties>\n<property key=\"en\">News</property>\n<property key=\"it\">News</property>\n</properties>\n\n','free',1,'<?xml version=\"1.0\" encoding=\"UTF-8\"?>\n<config>\n  <useextratitles>true</useextratitles>\n</config>\n\n'),('news_style1','news_archive',1,'internal','<?xml version=\"1.0\" encoding=\"UTF-8\"?>\n<properties>\n<property key=\"en\">News Archive</property>\n<property key=\"it\">News Archive</property>\n</properties>\n\n','free',0,'<?xml version=\"1.0\" encoding=\"UTF-8\"?>\n<config>\n  <useextratitles>true</useextratitles>\n</config>\n\n'),('news_style2','news_archive',2,'internal','<?xml version=\"1.0\" encoding=\"UTF-8\"?>\n<properties>\n<property key=\"en\">News Archive</property>\n<property key=\"it\">News Archive</property>\n</properties>\n\n','free',0,'<?xml version=\"1.0\" encoding=\"UTF-8\"?>\n<config>\n  <useextratitles>true</useextratitles>\n</config>\n\n'),('news_style3','news_archive',3,'internal','<?xml version=\"1.0\" encoding=\"UTF-8\"?>\n<properties>\n<property key=\"en\">News Archive</property>\n<property key=\"it\">News Archive</property>\n</properties>\n\n','free',0,'<?xml version=\"1.0\" encoding=\"UTF-8\"?>\n<config>\n  <useextratitles>true</useextratitles>\n</config>\n\n'),('notfound','service',3,'internal','<?xml version=\"1.0\" encoding=\"UTF-8\"?>\n<properties>\n<property key=\"en\">Page not found</property>\n<property key=\"it\">Pagina non trovata</property>\n</properties>\n\n','free',1,NULL),('polls_archive','quest_suveys',6,'internal','<?xml version=\"1.0\" encoding=\"UTF-8\"?> <properties> \n<property key=\"en\">Polls Archive</property> \n<property key=\"it\">Archivio Sondaggi</property> </properties> ','intranet',1,'<?xml version=\"1.0\" encoding=\"UTF-8\"?> <config> <useextratitles>true</useextratitles> </config> '),('polls_list','quest_suveys',5,'internal','<?xml version=\"1.0\" encoding=\"UTF-8\"?> <properties> \n<property key=\"en\">Active Polls</property> \n<property key=\"it\">Sondaggi Attivi</property> </properties> ','intranet',1,'<?xml version=\"1.0\" encoding=\"UTF-8\"?> <config> <useextratitles>true</useextratitles> </config> '),('poll_detail','quest_suveys',7,'internal','<?xml version=\"1.0\" encoding=\"UTF-8\"?> <properties> \n<property key=\"en\">Poll Details</property> \n<property key=\"it\">Dettaglio Sondaggi</property> </properties> ','intranet',1,'<?xml version=\"1.0\" encoding=\"UTF-8\"?> <config> <useextratitles>true</useextratitles> </config> '),('poll_results','quest_suveys',8,'internal','<?xml version=\"1.0\" encoding=\"UTF-8\"?> <properties> \n<property key=\"en\">Poll Details</property> \n<property key=\"it\">Dettaglio Sondaggi</property> </properties> ','intranet',1,'<?xml version=\"1.0\" encoding=\"UTF-8\"?> <config> <useextratitles>true</useextratitles> </config> '),('profile','service',6,'internal','<?xml version=\"1.0\" encoding=\"UTF-8\"?>\n<properties>\n<property key=\"en\">Profile Edit</property>\n<property key=\"it\">Modifica Profile</property>\n</properties>\n\n','free',1,'<?xml version=\"1.0\" encoding=\"UTF-8\"?>\n<config>\n  <useextratitles>true</useextratitles>\n</config>\n\n'),('quest_suveys','homepage',5,'internal','<?xml version=\"1.0\" encoding=\"UTF-8\"?>\n<properties>\n<property key=\"en\">Questionnaires and Surveys</property>\n<property key=\"it\">Questionari e Sondaggi</property>\n</properties>\n\n','intranet',1,'<?xml version=\"1.0\" encoding=\"UTF-8\"?>\n<config>\n  <useextratitles>true</useextratitles>\n</config>\n\n'),('search','service',5,'internal','<?xml version=\"1.0\" encoding=\"UTF-8\"?>\n<properties>\n<property key=\"en\">Search Results</property>\n<property key=\"it\">Risultati della Ricerca</property>\n</properties>\n\n','free',1,'<?xml version=\"1.0\" encoding=\"UTF-8\"?>\n<config>\n  <useextratitles>true</useextratitles>\n</config>\n\n'),('service','homepage',3,'internal','<?xml version=\"1.0\" encoding=\"UTF-8\"?>\n<properties>\n<property key=\"it\">Pagine di Servizio</property>\n<property key=\"en\">Service</property>\n</properties>','free',0,NULL),('surveys_archive','quest_suveys',2,'internal','<?xml version=\"1.0\" encoding=\"UTF-8\"?> <properties> \n<property key=\"en\">Questionnaires Archive</property> \n<property key=\"it\">Archivio Questionari</property> </properties> ','intranet',1,'<?xml version=\"1.0\" encoding=\"UTF-8\"?> <config> <useextratitles>true</useextratitles> </config> '),('surveys_list','quest_suveys',1,'internal','<?xml version=\"1.0\" encoding=\"UTF-8\"?> <properties> \n<property key=\"en\">Active Questionnaires</property> \n<property key=\"it\">Questionari Attivi</property> </properties> ','intranet',1,'<?xml version=\"1.0\" encoding=\"UTF-8\"?> <config> <useextratitles>true</useextratitles> </config> '),('survey_detail','quest_suveys',3,'internal','<?xml version=\"1.0\" encoding=\"UTF-8\"?> <properties> \n<property key=\"en\">Questionnaire Details</property> \n<property key=\"it\">Dettaglio Questionario</property> </properties> ','intranet',1,'<?xml version=\"1.0\" encoding=\"UTF-8\"?> <config> <useextratitles>true</useextratitles> </config> '),('survey_results','quest_suveys',4,'internal','<?xml version=\"1.0\" encoding=\"UTF-8\"?> <properties> \n<property key=\"en\">Questionnaire Results</property> \n<property key=\"it\">Risultati Questionario</property> </properties> ','intranet',1,'<?xml version=\"1.0\" encoding=\"UTF-8\"?> <config> <useextratitles>true</useextratitles> </config> '),('video_archive','homepage',5,'internal','<?xml version=\"1.0\" encoding=\"UTF-8\"?>\n<properties>\n<property key=\"en\">Video Archive</property>\n<property key=\"it\">Archivio Video</property>\n</properties>\n\n','free',0,'<?xml version=\"1.0\" encoding=\"UTF-8\"?>\n<config>\n  <useextratitles>true</useextratitles>\n</config>\n\n');
/*!40000 ALTER TABLE `pages` ENABLE KEYS */;
UNLOCK TABLES;

--
-- Table structure for table `resourcerelations`
--

DROP TABLE IF EXISTS `resourcerelations`;
/*!40101 SET @saved_cs_client     = @@character_set_client */;
/*!40101 SET character_set_client = utf8 */;
CREATE TABLE `resourcerelations` (
  `resid` varchar(16) NOT NULL,
  `refcategory` varchar(30) DEFAULT NULL,
  KEY `resourcerelations_refcategory_fkey` (`refcategory`),
  KEY `resourcerelations_resid_fkey` (`resid`),
  CONSTRAINT `resourcerelations_refcategory_fkey` FOREIGN KEY (`refcategory`) REFERENCES `categories` (`catcode`) ON DELETE NO ACTION ON UPDATE NO ACTION,
  CONSTRAINT `resourcerelations_resid_fkey` FOREIGN KEY (`resid`) REFERENCES `resources` (`resid`) ON DELETE NO ACTION ON UPDATE NO ACTION
) ENGINE=InnoDB DEFAULT CHARSET=utf8;
/*!40101 SET character_set_client = @saved_cs_client */;

--
-- Dumping data for table `resourcerelations`
--

LOCK TABLES `resourcerelations` WRITE;
/*!40000 ALTER TABLE `resourcerelations` DISABLE KEYS */;
/*!40000 ALTER TABLE `resourcerelations` ENABLE KEYS */;
UNLOCK TABLES;

--
-- Table structure for table `resources`
--

DROP TABLE IF EXISTS `resources`;
/*!40101 SET @saved_cs_client     = @@character_set_client */;
/*!40101 SET character_set_client = utf8 */;
CREATE TABLE `resources` (
  `resid` varchar(16) NOT NULL,
  `restype` varchar(30) NOT NULL,
  `descr` varchar(260) NOT NULL,
  `maingroup` varchar(20) NOT NULL,
  `resourcexml` longtext NOT NULL,
  `masterfilename` varchar(100) NOT NULL,
  PRIMARY KEY (`resid`)
) ENGINE=InnoDB DEFAULT CHARSET=utf8;
/*!40101 SET character_set_client = @saved_cs_client */;

--
-- Dumping data for table `resources`
--

LOCK TABLES `resources` WRITE;
/*!40000 ALTER TABLE `resources` DISABLE KEYS */;
INSERT INTO `resources` VALUES ('10','Image','Meeting','free','<?xml version=\"1.0\" encoding=\"UTF-8\"?>\n<resource typecode=\"Image\" id=\"10\"><descr>Meeting</descr><groups mainGroup=\"free\" /><categories /><masterfile>Live_Event_Tzente_Pentaho_Bnova_d5.jpg</masterfile><instance><size>3</size><filename>Live_Event_Tzente_Pentaho_Bnova_d5_d3.jpg</filename><mimetype>image/jpeg</mimetype><weight>5 Kb</weight></instance><instance><size>2</size><filename>Live_Event_Tzente_Pentaho_Bnova_d5_d2.jpg</filename><mimetype>image/jpeg</mimetype><weight>3 Kb</weight></instance><instance><size>1</size><filename>Live_Event_Tzente_Pentaho_Bnova_d5_d1.jpg</filename><mimetype>image/jpeg</mimetype><weight>2 Kb</weight></instance><instance><size>0</size><filename>Live_Event_Tzente_Pentaho_Bnova_d5_d0.jpg</filename><mimetype>image/jpeg</mimetype><weight>5 Kb</weight></instance></resource>\n','Live_Event_Tzente_Pentaho_Bnova_d5.jpg'),('13','Image','Logo Osor','free','<?xml version=\"1.0\" encoding=\"UTF-8\"?>\n<resource typecode=\"Image\" id=\"13\"><descr>Logo Osor</descr><groups mainGroup=\"free\" /><categories /><masterfile>OSOR-logo.png</masterfile><instance><size>3</size><filename>OSOR-logo_d3.png</filename><mimetype>image/png</mimetype><weight>4 Kb</weight></instance><instance><size>2</size><filename>OSOR-logo_d2.png</filename><mimetype>image/png</mimetype><weight>4 Kb</weight></instance><instance><size>1</size><filename>OSOR-logo_d1.png</filename><mimetype>image/png</mimetype><weight>4 Kb</weight></instance><instance><size>0</size><filename>OSOR-logo_d0.png</filename><mimetype>image/png</mimetype><weight>5 Kb</weight></instance></resource>\n','OSOR-logo.png'),('14','Image','Banner Live Event Tzente - Pentaho - Bnova','free','<?xml version=\"1.0\" encoding=\"UTF-8\"?>\n<resource typecode=\"Image\" id=\"14\"><descr>Banner Live Event Tzente - Pentaho - Bnova</descr><groups mainGroup=\"free\" /><categories /><masterfile>Banner_Evento.jpg</masterfile><instance><size>3</size><filename>Banner_Evento_d3.jpg</filename><mimetype>image/jpeg</mimetype><weight>6 Kb</weight></instance><instance><size>2</size><filename>Banner_Evento_d2.jpg</filename><mimetype>image/jpeg</mimetype><weight>3 Kb</weight></instance><instance><size>1</size><filename>Banner_Evento_d1.jpg</filename><mimetype>image/jpeg</mimetype><weight>2 Kb</weight></instance><instance><size>0</size><filename>Banner_Evento_d0.jpg</filename><mimetype>image/jpeg</mimetype><weight>15 Kb</weight></instance></resource>\n','Banner_Evento.jpg'),('16','Image','Banner Webcast integrazione Entando - Pentaho','free','<?xml version=\"1.0\" encoding=\"UTF-8\"?>\n<resource typecode=\"Image\" id=\"16\"><descr>Banner Webcast integrazione Entando - Pentaho</descr><groups mainGroup=\"free\" /><categories /><masterfile>Webinar.png</masterfile><instance><size>3</size><filename>Webinar_d3.png</filename><mimetype>image/png</mimetype><weight>27 Kb</weight></instance><instance><size>2</size><filename>Webinar_d2.png</filename><mimetype>image/png</mimetype><weight>12 Kb</weight></instance><instance><size>1</size><filename>Webinar_d1.png</filename><mimetype>image/png</mimetype><weight>4 Kb</weight></instance><instance><size>0</size><filename>Webinar_d0.png</filename><mimetype>image/png</mimetype><weight>56 Kb</weight></instance></resource>\n','Webinar.png'),('18','Image','Entando IdeaScale','free','<?xml version=\"1.0\" encoding=\"UTF-8\"?>\n<resource typecode=\"Image\" id=\"18\"><descr>Entando IdeaScale</descr><groups mainGroup=\"free\" /><categories /><masterfile>ideascale_logo.jpeg</masterfile><instance><size>3</size><filename>ideascale_logo_d3.jpeg</filename><mimetype>image/jpeg</mimetype><weight>1 Kb</weight></instance><instance><size>2</size><filename>ideascale_logo_d2.jpeg</filename><mimetype>image/jpeg</mimetype><weight>1 Kb</weight></instance><instance><size>1</size><filename>ideascale_logo_d1.jpeg</filename><mimetype>image/jpeg</mimetype><weight>1 Kb</weight></instance><instance><size>0</size><filename>ideascale_logo_d0.jpeg</filename><mimetype>image/jpeg</mimetype><weight>1 Kb</weight></instance></resource>\n','ideascale_logo.jpeg'),('20','Image','Intranet Area','free','<?xml version=\"1.0\" encoding=\"UTF-8\"?>\n<resource typecode=\"Image\" id=\"20\"><descr>Intranet Area</descr><groups mainGroup=\"free\" /><categories /><masterfile>Intranet_Area.jpg</masterfile><instance><size>3</size><filename>Intranet_Area_d3.jpg</filename><mimetype>image/jpeg</mimetype><weight>6 Kb</weight></instance><instance><size>2</size><filename>Intranet_Area_d2.jpg</filename><mimetype>image/jpeg</mimetype><weight>3 Kb</weight></instance><instance><size>1</size><filename>Intranet_Area_d1.jpg</filename><mimetype>image/jpeg</mimetype><weight>1 Kb</weight></instance><instance><size>0</size><filename>Intranet_Area_d0.jpg</filename><mimetype>image/jpeg</mimetype><weight>239 Kb</weight></instance></resource>\n','Intranet_Area.jpg'),('23','Image','Intranet Notice Board','free','<?xml version=\"1.0\" encoding=\"UTF-8\"?>\n<resource typecode=\"Image\" id=\"23\"><descr>Intranet Notice Board</descr><groups mainGroup=\"free\" /><categories /><masterfile>Intranet_notice_board.jpg</masterfile><instance><size>3</size><filename>Intranet_notice_board_d3.jpg</filename><mimetype>image/jpeg</mimetype><weight>6 Kb</weight></instance><instance><size>2</size><filename>Intranet_notice_board_d2.jpg</filename><mimetype>image/jpeg</mimetype><weight>3 Kb</weight></instance><instance><size>1</size><filename>Intranet_notice_board_d1.jpg</filename><mimetype>image/jpeg</mimetype><weight>2 Kb</weight></instance><instance><size>0</size><filename>Intranet_notice_board_d0.jpg</filename><mimetype>image/jpeg</mimetype><weight>801 Kb</weight></instance></resource>\n','Intranet_notice_board.jpg'),('24','Image','Company Meeting','free','<?xml version=\"1.0\" encoding=\"UTF-8\"?>\n<resource typecode=\"Image\" id=\"24\"><descr>Company Meeting</descr><groups mainGroup=\"free\" /><categories /><masterfile>Company_Meeting.jpg</masterfile><instance><size>3</size><filename>Company_Meeting_d3.jpg</filename><mimetype>image/jpeg</mimetype><weight>10 Kb</weight></instance><instance><size>2</size><filename>Company_Meeting_d2.jpg</filename><mimetype>image/jpeg</mimetype><weight>5 Kb</weight></instance><instance><size>1</size><filename>Company_Meeting_d1.jpg</filename><mimetype>image/jpeg</mimetype><weight>2 Kb</weight></instance><instance><size>0</size><filename>Company_Meeting_d0.jpg</filename><mimetype>image/jpeg</mimetype><weight>803 Kb</weight></instance></resource>\n','Company_Meeting.jpg'),('25','Image','Webcast Portal & BI','free','<?xml version=\"1.0\" encoding=\"UTF-8\"?>\n<resource typecode=\"Image\" id=\"25\"><descr>Webcast Portal &amp; BI</descr><groups mainGroup=\"free\" /><categories /><masterfile>Webcast_Analytics.jpg</masterfile><instance><size>3</size><filename>Webcast_Analytics_d3.jpg</filename><mimetype>image/jpeg</mimetype><weight>9 Kb</weight></instance><instance><size>2</size><filename>Webcast_Analytics_d2.jpg</filename><mimetype>image/jpeg</mimetype><weight>5 Kb</weight></instance><instance><size>1</size><filename>Webcast_Analytics_d1.jpg</filename><mimetype>image/jpeg</mimetype><weight>2 Kb</weight></instance><instance><size>0</size><filename>Webcast_Analytics_d0.jpg</filename><mimetype>image/jpeg</mimetype><weight>576 Kb</weight></instance></resource>\n','Webcast_Analytics.jpg'),('26','Image','Contribute','free','<?xml version=\"1.0\" encoding=\"UTF-8\"?>\n<resource typecode=\"Image\" id=\"26\"><descr>Contribute</descr><groups mainGroup=\"free\" /><categories /><masterfile>Contribute.jpg</masterfile><instance><size>3</size><filename>Contribute_d3.jpg</filename><mimetype>image/jpeg</mimetype><weight>4 Kb</weight></instance><instance><size>2</size><filename>Contribute_d2.jpg</filename><mimetype>image/jpeg</mimetype><weight>2 Kb</weight></instance><instance><size>1</size><filename>Contribute_d1.jpg</filename><mimetype>image/jpeg</mimetype><weight>1 Kb</weight></instance><instance><size>0</size><filename>Contribute_d0.jpg</filename><mimetype>image/jpeg</mimetype><weight>124 Kb</weight></instance></resource>\n','Contribute.jpg'),('28','Image','Entando Logo','free','<?xml version=\"1.0\" encoding=\"UTF-8\"?>\n<resource typecode=\"Image\" id=\"28\"><descr>Entando Logo</descr><groups mainGroup=\"free\" /><categories /><masterfile>Entando_green_logo.png</masterfile><instance><size>3</size><filename>Entando_green_logo_d3.png</filename><mimetype>image/png</mimetype><weight>2 Kb</weight></instance><instance><size>2</size><filename>Entando_green_logo_d2.png</filename><mimetype>image/png</mimetype><weight>1 Kb</weight></instance><instance><size>1</size><filename>Entando_green_logo_d1.png</filename><mimetype>image/png</mimetype><weight>0 Kb</weight></instance><instance><size>0</size><filename>Entando_green_logo_d0.png</filename><mimetype>image/png</mimetype><weight>5 Kb</weight></instance></resource>\n','Entando_green_logo.png'),('29','Image','Live Event','free','<?xml version=\"1.0\" encoding=\"UTF-8\"?>\n<resource typecode=\"Image\" id=\"29\"><descr>Live Event</descr><groups mainGroup=\"free\" /><categories /><masterfile>Live_Event.jpg</masterfile><instance><size>3</size><filename>Live_Event_d3.jpg</filename><mimetype>image/jpeg</mimetype><weight>10 Kb</weight></instance><instance><size>2</size><filename>Live_Event_d2.jpg</filename><mimetype>image/jpeg</mimetype><weight>5 Kb</weight></instance><instance><size>1</size><filename>Live_Event_d1.jpg</filename><mimetype>image/jpeg</mimetype><weight>2 Kb</weight></instance><instance><size>0</size><filename>Live_Event_d0.jpg</filename><mimetype>image/jpeg</mimetype><weight>497 Kb</weight></instance></resource>\n','Live_Event.jpg'),('31','Image','Analytics','free','<?xml version=\"1.0\" encoding=\"UTF-8\"?>\n<resource typecode=\"Image\" id=\"31\"><descr>Analytics</descr><groups mainGroup=\"free\" /><categories /><masterfile>Analytics.jpg</masterfile><instance><size>3</size><filename>Analytics_d3.jpg</filename><mimetype>image/jpeg</mimetype><weight>8 Kb</weight></instance><instance><size>2</size><filename>Analytics_d2.jpg</filename><mimetype>image/jpeg</mimetype><weight>4 Kb</weight></instance><instance><size>1</size><filename>Analytics_d1.jpg</filename><mimetype>image/jpeg</mimetype><weight>2 Kb</weight></instance><instance><size>0</size><filename>Analytics_d0.jpg</filename><mimetype>image/jpeg</mimetype><weight>325 Kb</weight></instance></resource>\n','Analytics.jpg'),('32','Image','Customer Services','free','<?xml version=\"1.0\" encoding=\"UTF-8\"?>\n<resource typecode=\"Image\" id=\"32\"><descr>Customer Services</descr><groups mainGroup=\"free\" /><categories /><masterfile>Customer_services.jpg</masterfile><instance><size>3</size><filename>Customer_services_d3.jpg</filename><mimetype>image/jpeg</mimetype><weight>4 Kb</weight></instance><instance><size>2</size><filename>Customer_services_d2.jpg</filename><mimetype>image/jpeg</mimetype><weight>2 Kb</weight></instance><instance><size>1</size><filename>Customer_services_d1.jpg</filename><mimetype>image/jpeg</mimetype><weight>1 Kb</weight></instance><instance><size>0</size><filename>Customer_services_d0.jpg</filename><mimetype>image/jpeg</mimetype><weight>346 Kb</weight></instance></resource>\n','Customer_services.jpg'),('37','Attach','Entando System Requirements','free','<?xml version=\"1.0\" encoding=\"UTF-8\"?>\n<resource typecode=\"Attach\" id=\"37\"><descr>Entando System Requirements</descr><groups mainGroup=\"free\" /><categories /><masterfile>Entando_System_Requirements.pdf</masterfile><instance><size>0</size><filename>Entando_System_Requirements.pdf</filename><mimetype>application/pdf</mimetype><weight>43 Kb</weight></instance></resource>\n','Entando_System_Requirements.pdf'),('39','Attach','Product Card','free','<?xml version=\"1.0\" encoding=\"UTF-8\"?>\n<resource typecode=\"Attach\" id=\"39\"><descr>Product Card</descr><groups mainGroup=\"free\" /><categories /><masterfile>Product_Card.pdf</masterfile><instance><size>0</size><filename>Product_Card.pdf</filename><mimetype>application/pdf</mimetype><weight>65 Kb</weight></instance></resource>\n','Product_Card.pdf'),('43','Attach','Business Plan','free','<?xml version=\"1.0\" encoding=\"UTF-8\"?>\n<resource typecode=\"Attach\" id=\"43\"><descr>Business Plan</descr><groups mainGroup=\"free\" /><categories /><masterfile>Business_Plan.pdf</masterfile><instance><size>0</size><filename>Business_Plan.pdf</filename><mimetype>application/pdf</mimetype><weight>40 Kb</weight></instance></resource>\n','Business_Plan.pdf'),('46','Attach','Best Practice','free','<?xml version=\"1.0\" encoding=\"UTF-8\"?>\n<resource typecode=\"Attach\" id=\"46\"><descr>Best Practice</descr><groups mainGroup=\"free\" /><categories /><masterfile>Entando_Plugin_Best_Practices.pdf</masterfile><instance><size>0</size><filename>Entando_Plugin_Best_Practices.pdf</filename><mimetype>application/pdf</mimetype><weight>39 Kb</weight></instance></resource>\n','Entando_Plugin_Best_Practices.pdf'),('48','Attach','Intranet Documentation','free','<?xml version=\"1.0\" encoding=\"UTF-8\"?>\n<resource typecode=\"Attach\" id=\"48\"><descr>Intranet Documentation</descr><groups mainGroup=\"free\" /><categories /><masterfile>Intranet_Documentation.pdf</masterfile><instance><size>0</size><filename>Intranet_Documentation.pdf</filename><mimetype>application/pdf</mimetype><weight>27 Kb</weight></instance></resource>\n','Intranet_Documentation.pdf'),('50','Attach','Customer Agreement','free','<?xml version=\"1.0\" encoding=\"UTF-8\"?>\n<resource typecode=\"Attach\" id=\"50\"><descr>Customer Agreement</descr><groups mainGroup=\"free\" /><categories /><masterfile>Customer_Agreement.pdf</masterfile><instance><size>0</size><filename>Customer_Agreement.pdf</filename><mimetype>application/pdf</mimetype><weight>40 Kb</weight></instance></resource>\n','Customer_Agreement.pdf'),('52','Attach','Entando Model','free','<?xml version=\"1.0\" encoding=\"UTF-8\"?>\n<resource typecode=\"Attach\" id=\"52\"><descr>Entando Model</descr><groups mainGroup=\"free\" /><categories /><masterfile>Entando_Model.pdf</masterfile><instance><size>0</size><filename>Entando_Model.pdf</filename><mimetype>application/pdf</mimetype><weight>78 Kb</weight></instance></resource>\n','Entando_Model.pdf'),('54','Image','My Entando APP','free','<?xml version=\"1.0\" encoding=\"UTF-8\"?>\n<resource typecode=\"Image\" id=\"54\"><descr>My Entando APP</descr><groups mainGroup=\"free\" /><categories /><masterfile>APP.jpg</masterfile><instance><size>3</size><filename>APP_d3.jpg</filename><mimetype>image/jpeg</mimetype><weight>8 Kb</weight></instance><instance><size>2</size><filename>APP_d2.jpg</filename><mimetype>image/jpeg</mimetype><weight>4 Kb</weight></instance><instance><size>1</size><filename>APP_d1.jpg</filename><mimetype>image/jpeg</mimetype><weight>2 Kb</weight></instance><instance><size>0</size><filename>APP_d0.jpg</filename><mimetype>image/jpeg</mimetype><weight>45 Kb</weight></instance></resource>\n','APP.jpg'),('57','Image','What is Entando','free','<?xml version=\"1.0\" encoding=\"UTF-8\"?>\n<resource typecode=\"Image\" id=\"57\"><descr>What is Entando</descr><groups mainGroup=\"free\" /><categories /><masterfile>What_is_Entando.png</masterfile><instance><size>3</size><filename>What_is_Entando_d3.png</filename><mimetype>image/png</mimetype><weight>8 Kb</weight></instance><instance><size>2</size><filename>What_is_Entando_d2.png</filename><mimetype>image/png</mimetype><weight>4 Kb</weight></instance><instance><size>1</size><filename>What_is_Entando_d1.png</filename><mimetype>image/png</mimetype><weight>1 Kb</weight></instance><instance><size>0</size><filename>What_is_Entando_d0.png</filename><mimetype>image/png</mimetype><weight>43 Kb</weight></instance></resource>\n','What_is_Entando.png');
/*!40000 ALTER TABLE `resources` ENABLE KEYS */;
UNLOCK TABLES;

--
-- Table structure for table `showletcatalog`
--

DROP TABLE IF EXISTS `showletcatalog`;
/*!40101 SET @saved_cs_client     = @@character_set_client */;
/*!40101 SET character_set_client = utf8 */;
CREATE TABLE `showletcatalog` (
  `code` varchar(40) NOT NULL,
  `titles` longtext NOT NULL,
  `parameters` longtext,
  `plugincode` varchar(30) DEFAULT NULL,
  `parenttypecode` varchar(40) DEFAULT NULL,
  `defaultconfig` longtext,
  `locked` tinyint(4) NOT NULL,
  `maingroup` varchar(20) DEFAULT NULL,
  PRIMARY KEY (`code`)
) ENGINE=InnoDB DEFAULT CHARSET=utf8;
/*!40101 SET character_set_client = @saved_cs_client */;

--
-- Dumping data for table `showletcatalog`
--

LOCK TABLES `showletcatalog` WRITE;
/*!40000 ALTER TABLE `showletcatalog` DISABLE KEYS */;
INSERT INTO `showletcatalog` VALUES ('content_feedback_viewer','<?xml version=\"1.0\" encoding=\"UTF-8\"?>\n<properties>\n<property key=\"en\">Content Feedback - Publish a Content</property>\n<property key=\"it\">Feedback Contenuti - Pubblica un Contenuto</property>\n</properties>','<config>\n	<parameter name=\"contentId\">\n		Content ID\n	</parameter>\n	<parameter name=\"modelId\">\n		Content Model ID\n	</parameter>\n	<parameter name=\"usedContentRating\">\n		Enable content rating (true|false)\n	</parameter>\n<parameter name=\"usedComment\">\n		Enable user comments (true|false)\n	</parameter>\n<parameter name=\"usedCommentWithRating\">\n		Enable rating on comments (true|false)\n	</parameter>\n<parameter name=\"commentValidation\">\n		Enable administrator moderation of comments (true|false)\n	</parameter> \n<action name=\"viewerContentFeedbackConfig\"/>\n</config>','jpcontentfeedback',NULL,NULL,1,NULL),('content_viewer','<?xml version=\"1.0\" encoding=\"UTF-8\"?>\n<properties>\n<property key=\"en\">Contents - Publish a Content</property>\n<property key=\"it\">Contenuti - Pubblica un Contenuto</property>\n</properties>','<config>\n	<parameter name=\"contentId\">\n		Content ID\n	</parameter>\n	<parameter name=\"modelId\">\n		Content Model ID\n	</parameter>\n	<action name=\"viewerConfig\"/>\n</config>','jacms',NULL,NULL,1,NULL),('content_viewer_list','<?xml version=\"1.0\" encoding=\"UTF-8\"?>\n<properties>\n<property key=\"en\">Contents - Publish a List of Contents</property>\n<property key=\"it\">Contenuti - Pubblica una Lista di Contenuti</property>\n</properties>','<config>\n	<parameter name=\"contentType\">Content Type (mandatory)</parameter>\n	<parameter name=\"modelId\">Content Model</parameter>\n	<parameter name=\"userFilters\">Front-End user filter options</parameter>\n	<parameter name=\"category\">Content Category **deprecated**</parameter>\n	<parameter name=\"categories\">Content Category codes (comma separeted)</parameter>\n	<parameter name=\"orClauseCategoryFilter\" />\n	<parameter name=\"maxElemForItem\">Contents for each page</parameter>\n	<parameter name=\"filters\" />\n	<parameter name=\"title_{lang}\">Showlet Title in lang {lang}</parameter>\n	<parameter name=\"pageLink\">The code of the Page to link</parameter>\n	<parameter name=\"linkDescr_{lang}\">Link description in lang {lang}</parameter>\n	<action name=\"listViewerConfig\"/>\n</config>','jacms',NULL,NULL,1,NULL),('documents_list','<?xml version=\"1.0\" encoding=\"UTF-8\"?>\n<properties>\n<property key=\"en\">Latest Documents</property>\n<property key=\"it\">Documenti recenti</property>\n</properties>\n\n',NULL,NULL,'content_viewer_list','<?xml version=\"1.0\" encoding=\"UTF-8\"?>\n<properties>\n<property key=\"linkDescr_it\">Configura</property>\n<property key=\"pageLink\">configure_latest_documents</property>\n<property key=\"linkDescr_en\">Configure</property>\n<property key=\"contentType\">DWN</property>\n<property key=\"modelId\">42</property>\n</properties>\n\n',0,'free'),('entando_apis','<?xml version=\"1.0\" encoding=\"UTF-8\"?>\n<properties>\n<property key=\"en\">APIs</property>\n<property key=\"it\">APIs</property>\n</properties>\n',NULL,NULL,'formAction','<?xml version=\"1.0\" encoding=\"UTF-8\"?>\n<properties>\n<property key=\"actionPath\">/ExtStr2/do/Front/Api/Resource/list.action</property>\n</properties>\n',1,'free'),('formAction','<?xml version=\"1.0\" encoding=\"UTF-8\"?>\n<properties>\n<property key=\"en\">Internal Servlet</property>\n<property key=\"it\">Invocazione di una Servlet Interna</property>\n</properties>','<config>\n	<parameter name=\"actionPath\">\n		Path to an action or to a JSP. You must prepend \'/ExtStr2\' to any Struts2 action path\n	</parameter>\n	<action name=\"configSimpleParameter\"/>\n</config>',NULL,NULL,NULL,1,NULL),('form_list','<?xml version=\"1.0\" encoding=\"UTF-8\"?>\n<properties>\n<property key=\"en\">WebForms</property>\n<property key=\"it\">WebForms</property>\n</properties>\n\n',NULL,NULL,'formAction','<?xml version=\"1.0\" encoding=\"UTF-8\"?>\n<properties>\n<property key=\"actionPath\">/ExtStr2/do/jpwebdynamicform/Message/User/listTypes?doSimpleList=true</property>\n</properties>\n\n',0,'free'),('form_new','<?xml version=\"1.0\" encoding=\"UTF-8\"?>\n<properties>\n<property key=\"en\">Dynamic Web Forms - Form Viewer</property>\n<property key=\"it\">Dynamic Web Forms - Form Viewer</property>\n</properties>\n\n',NULL,NULL,'formAction','<?xml version=\"1.0\" encoding=\"UTF-8\"?>\n<properties>\n<property key=\"actionPath\">/ExtStr2/do/jpwebdynamicform/Message/User/new</property>\n</properties>\n\n',0,'free'),('inEvidenza','<?xml version=\"1.0\" encoding=\"UTF-8\"?>\n<properties>\n<property key=\"en\">Top Story</property>\n<property key=\"it\">In Evidenza</property>\n</properties>\n\n',NULL,NULL,'content_viewer','<?xml version=\"1.0\" encoding=\"UTF-8\"?>\n<properties>\n<property key=\"contentId\">CNG45</property>\n<property key=\"modelId\">34</property>\n</properties>\n\n',0,'free'),('jpfastcontentedit_content_viewer_list','<?xml version=\"1.0\" encoding=\"UTF-8\"?>\n<properties>\n<property key=\"en\">Contents - Publish a List of Contents Editables from Front-End</property>\n<property key=\"it\">Contenuti - Pubblica una Lista di contenuti editabili da Front-End</property>\n</properties>','<config>\n	<parameter name=\"contentType\">Content Type (mandatory)</parameter>\n	<parameter name=\"modelId\">Content Model</parameter>\n	<parameter name=\"userFilters\">Front-End user filter options</parameter>\n	<parameter name=\"category\">Content Category **deprecated**</parameter>\n	<parameter name=\"categories\">Content Category codes (comma separeted)</parameter>\n	<parameter name=\"maxElemForItem\">Contents for each page</parameter>\n	<parameter name=\"filters\" />\n	<parameter name=\"title_{lang}\">Showlet Title in lang {lang}</parameter>\n	<parameter name=\"pageLink\">The code of the Page to link</parameter>\n	<parameter name=\"linkDescr_{lang}\">Link description in lang {lang}</parameter>\n	<action name=\"listViewerConfig\"/>\n</config>','jpfastcontentedit',NULL,NULL,1,NULL),('jpfastcontentedit_formAction','<?xml version=\"1.0\" encoding=\"UTF-8\"?>\n<properties>\n<property key=\"en\">Content Editing Form</property>\n<property key=\"it\">Form Editing Contenuti</property>\n</properties>','<config>\n	<parameter name=\"typeCode\">Content Type (optional)</parameter>\n	<parameter name=\"authorAttribute\">Name of attribute containing Author name (optional)</parameter>\n	<action name=\"jpfastcontenteditConfig\"/>\n</config>','jpfastcontentedit',NULL,NULL,1,NULL),('jpmyportalplus_sample_showlet','<?xml version=\"1.0\" encoding=\"UTF-8\"?>\n<properties>\n<property key=\"en\">My Portal - Sample Showlet</property>\n<property key=\"it\">My Portal - Showlet di Esempio</property>\n</properties>\n\n',NULL,'jpmyportalplus',NULL,NULL,1,NULL),('jpmyportalplus_void','<?xml version=\"1.0\" encoding=\"UTF-8\"?>\n<properties>\n<property key=\"en\">My Portal - Void</property>\n<property key=\"it\">My Portal - Vuoto</property>\n</properties>',NULL,'jpmyportalplus',NULL,NULL,1,NULL),('jpsharewith','<?xml version=\"1.0\" encoding=\"UTF-8\"?>\n<properties>\n<property key=\"en\">Share With...</property>\n<property key=\"it\">Condividi con...</property>\n</properties>',NULL,'jpsharewith',NULL,NULL,1,NULL),('jpsurvey_detailsSurvey','<?xml version=\"1.0\" encoding=\"UTF-8\"?>\n<properties>\n<property key=\"en\">Questionnaire/Survey - Details</property>\n<property key=\"it\">Questionari/Sondaggi - Dettaglio</property>\n</properties>\n\n',NULL,'jpsurvey','formAction','<?xml version=\"1.0\" encoding=\"UTF-8\"?>\n<properties>\n<property key=\"actionPath\">/ExtStr2/do/jpsurvey/Front/Survey/entryPoint.action</property>\n</properties>\n\n',1,'intranet'),('jpsurvey_pollArchive','<?xml version=\"1.0\" encoding=\"UTF-8\"?>\n<properties>\n<property key=\"en\">Polls Archive</property>\n<property key=\"it\">Archivio dei Sondaggi</property>\n</properties>\n\n',NULL,'jpsurvey',NULL,NULL,1,'intranet'),('jpsurvey_pollList','<?xml version=\"1.0\" encoding=\"UTF-8\"?>\n<properties>\n<property key=\"en\">Polls</property>\n<property key=\"it\">Sondaggi</property>\n</properties>\n\n',NULL,'jpsurvey',NULL,NULL,1,'intranet'),('jpsurvey_questionnaireArchive','<?xml version=\"1.0\" encoding=\"UTF-8\"?>\n<properties>\n<property key=\"en\">Questionnaires Archive</property>\n<property key=\"it\">Archivio Questionari</property>\n</properties>\n\n',NULL,'jpsurvey',NULL,NULL,1,'intranet'),('jpsurvey_questionnaireList','<?xml version=\"1.0\" encoding=\"UTF-8\"?>\n<properties>\n<property key=\"en\">Questionnaires</property>\n<property key=\"it\">Questionari</property>\n</properties>\n\n',NULL,'jpsurvey',NULL,NULL,1,'intranet'),('jpsurvey_resultsSurvey','<?xml version=\"1.0\" encoding=\"UTF-8\"?>\n<properties>\n<property key=\"en\">Questionnaire/Survey - Show Results</property>\n<property key=\"it\">Questionario/Sondaggio - Mostra Risultati</property>\n</properties>\n\n',NULL,'jpsurvey','formAction','<?xml version=\"1.0\" encoding=\"UTF-8\"?>\n<properties>\n<property key=\"actionPath\">/ExtStr2/do/jpsurvey/Front/SurveyDetail/entryPoint.action</property>\n</properties>\n\n',1,'intranet'),('jpuserprofile_editCurrentUser','<?xml version=\"1.0\" encoding=\"UTF-8\"?>\n<properties>\n<property key=\"en\">Edit Current User</property>\n<property key=\"it\">Edita Utente Corrente</property>\n</properties>',NULL,'jpuserprofile','formAction','<?xml version=\"1.0\" encoding=\"UTF-8\"?>\n<properties>\n<property key=\"actionPath\">/ExtStr2/do/jpuserprofile/Front/CurrentUser/edit.action</property>\n</properties>',1,NULL),('jpuserprofile_editCurrentUser_password','<?xml version=\"1.0\" encoding=\"UTF-8\"?>\n<properties>\n<property key=\"en\">Edit Current User Password</property>\n<property key=\"it\">Edita Password Utente Corrente</property>\n</properties>',NULL,'jpuserprofile','formAction','<?xml version=\"1.0\" encoding=\"UTF-8\"?>\n<properties>\n<property key=\"actionPath\">/ExtStr2/do/jpuserprofile/Front/CurrentUser/editPassword.action</property>\n</properties>',1,NULL),('jpuserprofile_editCurrentUser_profile','<?xml version=\"1.0\" encoding=\"UTF-8\"?>\n<properties>\n<property key=\"en\">Edit Current User Profile</property>\n<property key=\"it\">Edita Profilo Utente Corrente</property>\n</properties>',NULL,'jpuserprofile','formAction','<?xml version=\"1.0\" encoding=\"UTF-8\"?>\n<properties>\n<property key=\"actionPath\">/ExtStr2/do/jpuserprofile/Front/CurrentUser/Profile/edit.action</property>\n</properties>',1,NULL),('jpwebdynamicform_message_choice','<?xml version=\"1.0\" encoding=\"UTF-8\"?>\n<properties>\n<property key=\"en\">Dynamic Web Forms - Choice of a type of Message</property>\n<property key=\"it\">Dynamic Web Forms - Scelta tipo di Messaggio</property>\n</properties>','<config>\n	<parameter name=\"actionPath\">\n		Relative path of an action or a JSP (ex: /ExtStr2/do/jpwebdynamicform/Message/User/listTypes).\n	</parameter>\n	<action name=\"configSimpleParameter\"/>\n</config>','jpwebdynamicform','formAction','<?xml version=\"1.0\" encoding=\"UTF-8\"?>\n<properties>\n<property key=\"actionPath\">/ExtStr2/do/jpwebdynamicform/Message/User/listTypes</property>\n</properties>',0,NULL),('jpwebdynamicform_message_form','<?xml version=\"1.0\" encoding=\"UTF-8\"?>\n<properties>\n<property key=\"en\">Dynamic Web Forms - Publish the form for a Message Type</property>\n<property key=\"it\">Dynamic Web Forms - Pubblica il form di un tipo di Messaggio</property>\n</properties>','<config>\n	<parameter name=\"typeCode\">Code of the Message Type</parameter>\n	<action name=\"webdynamicformConfig\"/>\n</config>','jpwebdynamicform',NULL,NULL,1,NULL),('latest_events','<?xml version=\"1.0\" encoding=\"UTF-8\"?>\n<properties>\n<property key=\"en\">Latest Events</property>\n<property key=\"it\">Ultimi Eventi</property>\n</properties>\n\n',NULL,NULL,'content_viewer_list','<?xml version=\"1.0\" encoding=\"UTF-8\"?>\n<properties>\n<property key=\"maxElemForItem\">2</property>\n<property key=\"linkDescr_it\">Configura</property>\n<property key=\"categories\">events</property>\n<property key=\"pageLink\">events</property>\n<property key=\"filters\">(order=DESC;attributeFilter=true;key=Date)</property>\n<property key=\"linkDescr_en\">Configure</property>\n<property key=\"contentType\">NEW</property>\n<property key=\"modelId\">26</property>\n</properties>\n\n',0,'free'),('latest_news','<?xml version=\"1.0\" encoding=\"UTF-8\"?>\n<properties>\n<property key=\"en\">Latest News</property>\n<property key=\"it\">Ultime Notizie</property>\n</properties>\n\n',NULL,NULL,'content_viewer_list','<?xml version=\"1.0\" encoding=\"UTF-8\"?>\n<properties>\n<property key=\"maxElemForItem\">1</property>\n<property key=\"linkDescr_it\">Configura</property>\n<property key=\"pageLink\">news_style1</property>\n<property key=\"filters\">(order=DESC;attributeFilter=true;key=Date)</property>\n<property key=\"linkDescr_en\">Configure</property>\n<property key=\"contentType\">NEW</property>\n<property key=\"modelId\">27</property>\n</properties>\n\n',0,'free'),('latest_video','<?xml version=\"1.0\" encoding=\"UTF-8\"?>\n<properties>\n<property key=\"en\">Latest Video</property>\n<property key=\"it\">Ultimi Video</property>\n</properties>\n\n',NULL,NULL,'content_viewer_list','<?xml version=\"1.0\" encoding=\"UTF-8\"?>\n<properties>\n<property key=\"maxElemForItem\">1</property>\n<property key=\"linkDescr_it\">Archivio</property>\n<property key=\"pageLink\">video_archive</property>\n<property key=\"filters\">(order=DESC;attributeFilter=false;key=created)</property>\n<property key=\"linkDescr_en\">Archive</property>\n<property key=\"contentType\">YTB</property>\n<property key=\"modelId\">52</property>\n</properties>\n\n',0,'free'),('login_form','<?xml version=\"1.0\" encoding=\"UTF-8\"?>\n<properties>\n<property key=\"en\">Login Form</property>\n<property key=\"it\">Form di Login</property>\n</properties>',NULL,NULL,NULL,NULL,1,NULL),('messages_system','<?xml version=\"1.0\" encoding=\"UTF-8\"?>\n<properties>\n<property key=\"en\">System Messages</property>\n<property key=\"it\">Messaggi di Sistema</property>\n</properties>',NULL,NULL,NULL,NULL,1,NULL),('mobile_myentando','<?xml version=\"1.0\" encoding=\"UTF-8\"?>\n<properties>\n<property key=\"en\">My Entando Showcase</property>\n<property key=\"it\">My Entando Showcase</property>\n</properties>\n\n',NULL,NULL,'content_viewer','<?xml version=\"1.0\" encoding=\"UTF-8\"?>\n<properties>\n<property key=\"contentId\">CNG45</property>\n<property key=\"modelId\">33</property>\n</properties>\n\n',0,'free'),('navigation_langbar','<?xml version=\"1.0\" encoding=\"UTF-8\"?>\n<properties>\n<property key=\"en\">Navigation - Langbar</property>\n<property key=\"it\">Navigazione - Barra della Lingua</property>\n</properties>',NULL,NULL,NULL,NULL,1,NULL),('navigation_menu','<?xml version=\"1.0\" encoding=\"UTF-8\"?>\n<properties>\n<property key=\"en\">Navigation - Navigation Menu</property>\n<property key=\"it\">Navigazione - Menu di Navigazione</property>\n</properties>','<config>\n	<parameter name=\"navSpec\">Rules for the Page List auto-generation</parameter>\n	<action name=\"navigatorConfig\" />\n</config>',NULL,NULL,NULL,1,NULL),('news_choose_style','<?xml version=\"1.0\" encoding=\"UTF-8\"?>\n<properties>\n<property key=\"en\">News - Choose style</property>\n<property key=\"it\">Notizie - Scegli stile</property>\n</properties>',NULL,NULL,NULL,NULL,1,NULL),('search_form','<?xml version=\"1.0\" encoding=\"UTF-8\"?>\n<properties>\n<property key=\"en\">Search - Search Form</property>\n<property key=\"it\">Ricerca - Form di Ricerca</property>\n</properties>\n\n',NULL,NULL,NULL,NULL,1,NULL),('search_result','<?xml version=\"1.0\" encoding=\"UTF-8\"?>\n<properties>\n<property key=\"en\">Search - Search Result</property>\n<property key=\"it\">Ricerca - Risultati della Ricerca</property>\n</properties>',NULL,'jacms',NULL,NULL,1,NULL);
/*!40000 ALTER TABLE `showletcatalog` ENABLE KEYS */;
UNLOCK TABLES;

--
-- Table structure for table `showletconfig`
--

DROP TABLE IF EXISTS `showletconfig`;
/*!40101 SET @saved_cs_client     = @@character_set_client */;
/*!40101 SET character_set_client = utf8 */;
CREATE TABLE `showletconfig` (
  `pagecode` varchar(30) NOT NULL,
  `framepos` int(11) NOT NULL,
  `showletcode` varchar(40) NOT NULL,
  `config` longtext,
  `publishedcontent` varchar(30) DEFAULT NULL,
  PRIMARY KEY (`pagecode`,`framepos`),
  KEY `showletconfig_showletcode_fkey` (`showletcode`),
  CONSTRAINT `showletconfig_pagecode_fkey` FOREIGN KEY (`pagecode`) REFERENCES `pages` (`code`) ON DELETE NO ACTION ON UPDATE NO ACTION,
  CONSTRAINT `showletconfig_showletcode_fkey` FOREIGN KEY (`showletcode`) REFERENCES `showletcatalog` (`code`) ON DELETE NO ACTION ON UPDATE NO ACTION
) ENGINE=InnoDB DEFAULT CHARSET=utf8;
/*!40101 SET character_set_client = @saved_cs_client */;

--
-- Dumping data for table `showletconfig`
--

LOCK TABLES `showletconfig` WRITE;
/*!40000 ALTER TABLE `showletconfig` DISABLE KEYS */;
INSERT INTO `showletconfig` VALUES ('apis',0,'navigation_langbar',NULL,NULL),('apis',1,'login_form',NULL,NULL),('apis',4,'search_form',NULL,NULL),('apis',10,'navigation_menu','<?xml version=\"1.0\" encoding=\"UTF-8\"?>\n<properties>\n<property key=\"navSpec\">code(homepage).subtree(1)</property>\n</properties>\n\n',NULL),('apis',14,'entando_apis',NULL,NULL),('apis',36,'jpsharewith',NULL,NULL),('configure_latest_documents',0,'navigation_langbar',NULL,NULL),('configure_latest_documents',1,'login_form',NULL,NULL),('configure_latest_documents',4,'search_form',NULL,NULL),('configure_latest_documents',10,'navigation_menu','<?xml version=\"1.0\" encoding=\"UTF-8\"?>\n<properties>\n<property key=\"navSpec\">code(homepage).subtree(1)</property>\n</properties>\n\n',NULL),('configure_latest_documents',14,'content_viewer_list','<?xml version=\"1.0\" encoding=\"UTF-8\"?>\n<properties>\n<property key=\"title_it\">Documenti</property>\n<property key=\"filters\">(order=DESC;attributeFilter=false;key=modified)</property>\n<property key=\"title_en\">Latest Documents</property>\n<property key=\"contentType\">DWN</property>\n<property key=\"modelId\">4</property>\n</properties>\n\n',NULL),('configure_latest_documents',36,'jpsharewith',NULL,NULL),('contentsview',0,'navigation_langbar',NULL,NULL),('contentsview',1,'login_form',NULL,NULL),('contentsview',4,'search_form',NULL,NULL),('contentsview',10,'navigation_menu','<?xml version=\"1.0\" encoding=\"UTF-8\"?>\n<properties>\n<property key=\"navSpec\">code(homepage).subtree(1)</property>\n</properties>\n\n',NULL),('contentsview',14,'content_viewer',NULL,NULL),('contentsview',36,'jpsharewith',NULL,NULL),('errorpage',0,'navigation_langbar',NULL,NULL),('errorpage',2,'login_form',NULL,NULL),('errorpage',5,'search_form',NULL,NULL),('errorpage',10,'navigation_menu','<?xml version=\"1.0\" encoding=\"UTF-8\"?>\n<properties>\n<property key=\"navSpec\">code(homepage).subtree(1)</property>\n</properties>\n\n',NULL),('errorpage',14,'messages_system',NULL,NULL),('errorpage',36,'jpsharewith',NULL,NULL),('events',0,'navigation_langbar',NULL,NULL),('events',2,'login_form',NULL,NULL),('events',5,'search_form',NULL,NULL),('events',10,'navigation_menu','<?xml version=\"1.0\" encoding=\"UTF-8\"?>\n<properties>\n<property key=\"navSpec\">code(homepage).subtree(1)</property>\n</properties>\n\n',NULL),('events',15,'content_viewer_list','<?xml version=\"1.0\" encoding=\"UTF-8\"?>\n<properties>\n<property key=\"userFilters\">(attributeFilter=true;key=Title)</property>\n<property key=\"categories\">events</property>\n<property key=\"filters\">(order=DESC;attributeFilter=true;key=Date)</property>\n<property key=\"contentType\">NEW</property>\n<property key=\"modelId\">21</property>\n</properties>\n\n',NULL),('events',36,'jpsharewith',NULL,NULL),('fastcontentedit',0,'navigation_langbar',NULL,NULL),('fastcontentedit',1,'login_form',NULL,NULL),('fastcontentedit',4,'search_form',NULL,NULL),('fastcontentedit',10,'navigation_menu','<?xml version=\"1.0\" encoding=\"UTF-8\"?>\n<properties>\n<property key=\"navSpec\">code(homepage).subtree(1)</property>\n</properties>\n\n',NULL),('fastcontentedit',14,'jpfastcontentedit_formAction','<?xml version=\"1.0\" encoding=\"UTF-8\"?>\n<properties>\n<property key=\"typeCode\">NEW</property>\n</properties>\n\n',NULL),('fastcontentedit',36,'jpsharewith',NULL,NULL),('formview',0,'navigation_langbar',NULL,NULL),('formview',1,'login_form',NULL,NULL),('formview',4,'search_form',NULL,NULL),('formview',10,'navigation_menu','<?xml version=\"1.0\" encoding=\"UTF-8\"?>\n<properties>\n<property key=\"navSpec\">code(homepage).subtree(1)</property>\n</properties>\n\n',NULL),('formview',14,'form_new',NULL,NULL),('formview',36,'jpsharewith',NULL,NULL),('homepage',0,'navigation_langbar',NULL,NULL),('homepage',1,'login_form',NULL,NULL),('homepage',4,'search_form',NULL,NULL),('homepage',10,'navigation_menu','<?xml version=\"1.0\" encoding=\"UTF-8\"?>\n<properties>\n<property key=\"navSpec\">code(homepage).subtree(1)</property>\n</properties>\n\n',NULL),('homepage',14,'jpmyportalplus_void',NULL,NULL),('homepage',15,'jpmyportalplus_void',NULL,NULL),('homepage',16,'jpmyportalplus_void',NULL,NULL),('homepage',17,'jpmyportalplus_void',NULL,NULL),('homepage',18,'jpmyportalplus_void',NULL,NULL),('homepage',19,'jpmyportalplus_void',NULL,NULL),('homepage',20,'jpmyportalplus_void',NULL,NULL),('homepage',21,'jpmyportalplus_void',NULL,NULL),('homepage',22,'jpmyportalplus_void',NULL,NULL),('homepage',23,'latest_news',NULL,NULL),('homepage',24,'latest_video',NULL,NULL),('homepage',25,'jpmyportalplus_void',NULL,NULL),('homepage',26,'jpmyportalplus_void',NULL,NULL),('homepage',27,'jpmyportalplus_void',NULL,NULL),('homepage',28,'jpmyportalplus_void',NULL,NULL),('homepage',29,'jpmyportalplus_void',NULL,NULL),('homepage',30,'jpmyportalplus_void',NULL,NULL),('homepage',31,'jpmyportalplus_void',NULL,NULL),('homepage',32,'jpmyportalplus_void',NULL,NULL),('homepage',33,'jpmyportalplus_void',NULL,NULL),('homepage',34,'jpmyportalplus_void',NULL,NULL),('homepage',35,'jpmyportalplus_void',NULL,NULL),('homepage',36,'jpmyportalplus_void',NULL,NULL),('homepage',37,'jpmyportalplus_void',NULL,NULL),('homepage',38,'jpmyportalplus_void',NULL,NULL),('homepage',39,'jpmyportalplus_void',NULL,NULL),('homepage',40,'jpmyportalplus_void',NULL,NULL),('homepage',41,'jpmyportalplus_void',NULL,NULL),('homepage',42,'jpmyportalplus_void',NULL,NULL),('homepage',43,'jpmyportalplus_void',NULL,NULL),('homepage',44,'jpmyportalplus_void',NULL,NULL),('homepage',45,'jpmyportalplus_void',NULL,NULL),('homepage',46,'jpmyportalplus_void',NULL,NULL),('homepage',47,'jpmyportalplus_void',NULL,NULL),('homepage',48,'jpmyportalplus_void',NULL,NULL),('homepage',49,'jpmyportalplus_void',NULL,NULL),('homepage',50,'jpmyportalplus_void',NULL,NULL),('homepage',51,'jpmyportalplus_void',NULL,NULL),('homepage',52,'jpmyportalplus_void',NULL,NULL),('homepage',53,'jpmyportalplus_void',NULL,NULL),('homepage',54,'jpmyportalplus_void',NULL,NULL),('homepage',55,'jpmyportalplus_void',NULL,NULL),('homepage',56,'jpmyportalplus_void',NULL,NULL),('homepage',57,'jpmyportalplus_void',NULL,NULL),('homepage',58,'jpmyportalplus_void',NULL,NULL),('homepage',59,'jpmyportalplus_void',NULL,NULL),('homepage',60,'jpmyportalplus_void',NULL,NULL),('homepage',61,'jpmyportalplus_void',NULL,NULL),('homepage',62,'jpmyportalplus_void',NULL,NULL),('homepage',63,'jpmyportalplus_void',NULL,NULL),('homepage',64,'jpmyportalplus_void',NULL,NULL),('homepage',65,'jpmyportalplus_void',NULL,NULL),('homepage',66,'jpmyportalplus_void',NULL,NULL),('homepage',67,'jpmyportalplus_void',NULL,NULL),('homepage',68,'jpmyportalplus_void',NULL,NULL),('homepage',69,'jpmyportalplus_void',NULL,NULL),('homepage',70,'jpmyportalplus_void',NULL,NULL),('homepage',71,'jpmyportalplus_void',NULL,NULL),('homepage',72,'jpmyportalplus_void',NULL,NULL),('homepage',73,'inEvidenza',NULL,NULL),('homepage',74,'documents_list',NULL,NULL),('homepage',75,'jpmyportalplus_void',NULL,NULL),('homepage',76,'jpmyportalplus_void',NULL,NULL),('homepage',77,'jpmyportalplus_void',NULL,NULL),('homepage',78,'jpmyportalplus_void',NULL,NULL),('homepage',79,'jpmyportalplus_void',NULL,NULL),('homepage',80,'jpmyportalplus_void',NULL,NULL),('homepage',81,'jpmyportalplus_void',NULL,NULL),('homepage',82,'jpmyportalplus_void',NULL,NULL),('homepage',83,'jpmyportalplus_void',NULL,NULL),('homepage',84,'jpmyportalplus_void',NULL,NULL),('homepage',85,'jpmyportalplus_void',NULL,NULL),('homepage',86,'jpmyportalplus_void',NULL,NULL),('homepage',87,'jpmyportalplus_void',NULL,NULL),('homepage',88,'jpmyportalplus_void',NULL,NULL),('homepage',89,'jpmyportalplus_void',NULL,NULL),('homepage',90,'jpmyportalplus_void',NULL,NULL),('homepage',91,'jpmyportalplus_void',NULL,NULL),('homepage',92,'jpmyportalplus_void',NULL,NULL),('homepage',93,'jpmyportalplus_void',NULL,NULL),('homepage',94,'jpmyportalplus_void',NULL,NULL),('homepage',95,'jpmyportalplus_void',NULL,NULL),('homepage',96,'jpmyportalplus_void',NULL,NULL),('homepage',97,'jpmyportalplus_void',NULL,NULL),('homepage',98,'jpmyportalplus_void',NULL,NULL),('homepage',99,'jpmyportalplus_void',NULL,NULL),('homepage',100,'jpmyportalplus_void',NULL,NULL),('homepage',101,'jpmyportalplus_void',NULL,NULL),('homepage',102,'jpmyportalplus_void',NULL,NULL),('homepage',103,'jpmyportalplus_void',NULL,NULL),('homepage',104,'jpmyportalplus_void',NULL,NULL),('homepage',105,'jpmyportalplus_void',NULL,NULL),('homepage',106,'jpmyportalplus_void',NULL,NULL),('homepage',107,'jpmyportalplus_void',NULL,NULL),('homepage',108,'jpmyportalplus_void',NULL,NULL),('homepage',109,'jpmyportalplus_void',NULL,NULL),('homepage',110,'jpmyportalplus_void',NULL,NULL),('homepage',111,'jpmyportalplus_void',NULL,NULL),('homepage',112,'jpmyportalplus_void',NULL,NULL),('homepage',113,'jpmyportalplus_void',NULL,NULL),('homepage',114,'jpmyportalplus_void',NULL,NULL),('homepage',115,'jpmyportalplus_void',NULL,NULL),('homepage',116,'jpmyportalplus_void',NULL,NULL),('homepage',117,'jpmyportalplus_void',NULL,NULL),('homepage',118,'jpmyportalplus_void',NULL,NULL),('homepage',119,'jpmyportalplus_void',NULL,NULL),('homepage',120,'jpmyportalplus_void',NULL,NULL),('homepage',121,'jpmyportalplus_void',NULL,NULL),('homepage',122,'jpmyportalplus_void',NULL,NULL),('homepage',123,'jpmyportalplus_void',NULL,NULL),('homepage',124,'form_list',NULL,NULL),('homepage',125,'latest_events',NULL,NULL),('homepage',126,'jpmyportalplus_void',NULL,NULL),('homepage',127,'jpmyportalplus_void',NULL,NULL),('homepage',128,'jpmyportalplus_void',NULL,NULL),('homepage',129,'jpmyportalplus_void',NULL,NULL),('homepage',130,'jpmyportalplus_void',NULL,NULL),('homepage',131,'jpmyportalplus_void',NULL,NULL),('homepage',132,'jpmyportalplus_void',NULL,NULL),('homepage',133,'jpmyportalplus_void',NULL,NULL),('homepage',134,'jpmyportalplus_void',NULL,NULL),('homepage',135,'jpmyportalplus_void',NULL,NULL),('homepage',136,'jpmyportalplus_void',NULL,NULL),('homepage',137,'jpmyportalplus_void',NULL,NULL),('homepage',138,'jpmyportalplus_void',NULL,NULL),('homepage',139,'jpmyportalplus_void',NULL,NULL),('homepage',140,'jpmyportalplus_void',NULL,NULL),('homepage',141,'jpmyportalplus_void',NULL,NULL),('homepage',142,'jpmyportalplus_void',NULL,NULL),('homepage',143,'jpmyportalplus_void',NULL,NULL),('homepage',144,'jpmyportalplus_void',NULL,NULL),('homepage',145,'jpmyportalplus_void',NULL,NULL),('homepage',146,'jpmyportalplus_void',NULL,NULL),('homepage',147,'jpmyportalplus_void',NULL,NULL),('homepage',148,'jpmyportalplus_void',NULL,NULL),('homepage',149,'jpmyportalplus_void',NULL,NULL),('homepage',150,'jpmyportalplus_void',NULL,NULL),('homepage',151,'jpmyportalplus_void',NULL,NULL),('homepage',152,'jpmyportalplus_void',NULL,NULL),('homepage',153,'jpmyportalplus_void',NULL,NULL),('homepage',154,'jpmyportalplus_void',NULL,NULL),('homepage',155,'jpmyportalplus_void',NULL,NULL),('homepage',156,'jpmyportalplus_void',NULL,NULL),('homepage',157,'jpmyportalplus_void',NULL,NULL),('homepage',158,'jpmyportalplus_void',NULL,NULL),('homepage',159,'jpmyportalplus_void',NULL,NULL),('homepage',160,'jpmyportalplus_void',NULL,NULL),('homepage',161,'jpmyportalplus_void',NULL,NULL),('homepage',162,'jpmyportalplus_void',NULL,NULL),('homepage',163,'jpmyportalplus_void',NULL,NULL),('homepage',164,'content_viewer','<?xml version=\"1.0\" encoding=\"UTF-8\"?>\n<properties>\n<property key=\"contentId\">CNG59</property>\n<property key=\"modelId\">35</property>\n</properties>\n\n','CNG59'),('homepage',166,'jpsharewith',NULL,NULL),('newsview',0,'navigation_langbar',NULL,NULL),('newsview',1,'login_form',NULL,NULL),('newsview',4,'search_form',NULL,NULL),('newsview',10,'navigation_menu','<?xml version=\"1.0\" encoding=\"UTF-8\"?>\n<properties>\n<property key=\"navSpec\">code(homepage).subtree(1)</property>\n</properties>\n\n',NULL),('newsview',14,'content_feedback_viewer','<?xml version=\"1.0\" encoding=\"UTF-8\"?>\n<properties>\n<property key=\"usedContentRating\">true</property>\n<property key=\"usedCommentWithRating\">true</property>\n<property key=\"usedComment\">true</property>\n</properties>\n\n',NULL),('newsview',36,'jpsharewith',NULL,NULL),('news_archive',0,'navigation_langbar',NULL,NULL),('news_archive',1,'login_form',NULL,NULL),('news_archive',4,'search_form',NULL,NULL),('news_archive',10,'navigation_menu','<?xml version=\"1.0\" encoding=\"UTF-8\"?>\n<properties>\n<property key=\"navSpec\">code(homepage).subtree(1)</property>\n</properties>\n\n',NULL),('news_archive',14,'content_viewer_list','<?xml version=\"1.0\" encoding=\"UTF-8\"?>\n<properties>\n<property key=\"maxElemForItem\">3</property>\n<property key=\"filters\">(order=DESC;attributeFilter=true;key=Date)</property>\n<property key=\"contentType\">NEW</property>\n<property key=\"modelId\">22</property>\n</properties>\n\n',NULL),('news_archive',15,'news_choose_style',NULL,NULL),('news_archive',36,'jpsharewith',NULL,NULL),('news_style1',0,'navigation_langbar',NULL,NULL),('news_style1',1,'login_form',NULL,NULL),('news_style1',4,'search_form',NULL,NULL),('news_style1',10,'navigation_menu','<?xml version=\"1.0\" encoding=\"UTF-8\"?>\n<properties>\n<property key=\"navSpec\">code(homepage).subtree(1)</property>\n</properties>\n\n',NULL),('news_style1',14,'jpfastcontentedit_content_viewer_list','<?xml version=\"1.0\" encoding=\"UTF-8\"?>\n<properties>\n<property key=\"maxElemForItem\">3</property>\n<property key=\"title_it\">Ultime Notizie</property>\n<property key=\"filters\">(order=DESC;attributeFilter=true;key=Date)</property>\n<property key=\"title_en\">Latest News</property>\n<property key=\"contentType\">NEW</property>\n<property key=\"modelId\">22</property>\n</properties>\n\n',NULL),('news_style1',15,'news_choose_style',NULL,NULL),('news_style1',36,'jpsharewith',NULL,NULL),('news_style2',0,'navigation_langbar',NULL,NULL),('news_style2',1,'login_form',NULL,NULL),('news_style2',4,'search_form',NULL,NULL),('news_style2',10,'navigation_menu','<?xml version=\"1.0\" encoding=\"UTF-8\"?>\n<properties>\n<property key=\"navSpec\">code(homepage).subtree(1)</property>\n</properties>\n\n',NULL),('news_style2',14,'jpfastcontentedit_content_viewer_list','<?xml version=\"1.0\" encoding=\"UTF-8\"?>\n<properties>\n<property key=\"maxElemForItem\">3</property>\n<property key=\"title_it\">Ultime Notizie</property>\n<property key=\"filters\">(order=DESC;attributeFilter=true;key=Date)</property>\n<property key=\"title_en\">Latest News</property>\n<property key=\"contentType\">NEW</property>\n<property key=\"modelId\">23</property>\n</properties>\n\n',NULL),('news_style2',15,'news_choose_style',NULL,NULL),('news_style2',36,'jpsharewith',NULL,NULL),('news_style3',0,'navigation_langbar',NULL,NULL),('news_style3',1,'login_form',NULL,NULL),('news_style3',4,'search_form',NULL,NULL),('news_style3',10,'navigation_menu','<?xml version=\"1.0\" encoding=\"UTF-8\"?>\n<properties>\n<property key=\"navSpec\">code(homepage).subtree(1)</property>\n</properties>\n\n',NULL),('news_style3',14,'jpfastcontentedit_content_viewer_list','<?xml version=\"1.0\" encoding=\"UTF-8\"?>\n<properties>\n<property key=\"maxElemForItem\">3</property>\n<property key=\"title_it\">Ultime Notizie</property>\n<property key=\"filters\">(order=DESC;attributeFilter=true;key=Date)</property>\n<property key=\"title_en\">Latest News</property>\n<property key=\"contentType\">NEW</property>\n<property key=\"modelId\">24</property>\n</properties>\n\n',NULL),('news_style3',15,'news_choose_style',NULL,NULL),('news_style3',36,'jpsharewith',NULL,NULL),('notfound',0,'navigation_langbar',NULL,NULL),('notfound',2,'login_form',NULL,NULL),('notfound',5,'search_form',NULL,NULL),('notfound',10,'navigation_menu','<?xml version=\"1.0\" encoding=\"UTF-8\"?>\n<properties>\n<property key=\"navSpec\">code(homepage).subtree(1)</property>\n</properties>\n\n',NULL),('notfound',14,'messages_system',NULL,NULL),('notfound',36,'jpsharewith',NULL,NULL),('polls_archive',0,'navigation_langbar',NULL,NULL),('polls_archive',1,'login_form',NULL,NULL),('polls_archive',5,'search_form',NULL,NULL),('polls_archive',10,'navigation_menu','<?xml version=\"1.0\" encoding=\"UTF-8\"?> <properties> <property key=\"navSpec\">code(homepage).subtree(1)</property> </properties> ',NULL),('polls_archive',15,'jpsurvey_pollArchive',NULL,NULL),('polls_list',0,'navigation_langbar',NULL,NULL),('polls_list',1,'login_form',NULL,NULL),('polls_list',5,'search_form',NULL,NULL),('polls_list',10,'navigation_menu','<?xml version=\"1.0\" encoding=\"UTF-8\"?> <properties> <property key=\"navSpec\">code(homepage).subtree(1)</property> </properties> ',NULL),('polls_list',15,'jpsurvey_pollList',NULL,NULL),('poll_detail',0,'navigation_langbar',NULL,NULL),('poll_detail',1,'login_form',NULL,NULL),('poll_detail',5,'search_form',NULL,NULL),('poll_detail',10,'navigation_menu','<?xml version=\"1.0\" encoding=\"UTF-8\"?> <properties> <property key=\"navSpec\">code(homepage).subtree(1)</property> </properties> ',NULL),('poll_detail',15,'jpsurvey_detailsSurvey',NULL,NULL),('poll_results',0,'navigation_langbar',NULL,NULL),('poll_results',1,'login_form',NULL,NULL),('poll_results',5,'search_form',NULL,NULL),('poll_results',10,'navigation_menu','<?xml version=\"1.0\" encoding=\"UTF-8\"?> <properties> <property key=\"navSpec\">code(homepage).subtree(1)</property> </properties> ',NULL),('poll_results',15,'jpsurvey_resultsSurvey',NULL,NULL),('profile',0,'navigation_langbar',NULL,NULL),('profile',1,'login_form',NULL,NULL),('profile',4,'search_form',NULL,NULL),('profile',10,'navigation_menu','<?xml version=\"1.0\" encoding=\"UTF-8\"?>\n<properties>\n<property key=\"navSpec\">code(homepage).subtree(1)</property>\n</properties>\n\n',NULL),('profile',14,'jpuserprofile_editCurrentUser_password',NULL,NULL),('profile',15,'jpuserprofile_editCurrentUser_profile',NULL,NULL),('profile',36,'jpsharewith',NULL,NULL),('quest_suveys',0,'navigation_langbar',NULL,NULL),('quest_suveys',1,'login_form',NULL,NULL),('quest_suveys',4,'search_form',NULL,NULL),('quest_suveys',10,'navigation_menu','<?xml version=\"1.0\" encoding=\"UTF-8\"?>\n<properties>\n<property key=\"navSpec\">code(homepage).subtree(1)</property>\n</properties>\n\n',NULL),('quest_suveys',14,'jpsurvey_pollList',NULL,NULL),('quest_suveys',16,'jpsurvey_questionnaireList',NULL,NULL),('quest_suveys',36,'jpsharewith',NULL,NULL),('search',0,'navigation_langbar',NULL,NULL),('search',1,'login_form',NULL,NULL),('search',4,'search_form',NULL,NULL),('search',10,'navigation_menu','<?xml version=\"1.0\" encoding=\"UTF-8\"?>\n<properties>\n<property key=\"navSpec\">code(homepage).subtree(1)</property>\n</properties>\n\n',NULL),('search',14,'search_result',NULL,NULL),('search',36,'jpsharewith',NULL,NULL),('surveys_archive',0,'navigation_langbar',NULL,NULL),('surveys_archive',1,'login_form',NULL,NULL),('surveys_archive',5,'search_form',NULL,NULL),('surveys_archive',10,'navigation_menu','<?xml version=\"1.0\" encoding=\"UTF-8\"?> <properties> <property key=\"navSpec\">code(homepage).subtree(1)</property> </properties> ',NULL),('surveys_archive',15,'jpsurvey_questionnaireArchive',NULL,NULL),('surveys_list',0,'navigation_langbar',NULL,NULL),('surveys_list',1,'login_form',NULL,NULL),('surveys_list',5,'search_form',NULL,NULL),('surveys_list',10,'navigation_menu','<?xml version=\"1.0\" encoding=\"UTF-8\"?> <properties> <property key=\"navSpec\">code(homepage).subtree(1)</property> </properties> ',NULL),('surveys_list',15,'jpsurvey_questionnaireList',NULL,NULL),('survey_detail',0,'navigation_langbar',NULL,NULL),('survey_detail',1,'login_form',NULL,NULL),('survey_detail',5,'search_form',NULL,NULL),('survey_detail',10,'navigation_menu','<?xml version=\"1.0\" encoding=\"UTF-8\"?> <properties> <property key=\"navSpec\">code(homepage).subtree(1)</property> </properties> ',NULL),('survey_detail',15,'jpsurvey_detailsSurvey',NULL,NULL),('survey_results',0,'navigation_langbar',NULL,NULL),('survey_results',1,'login_form',NULL,NULL),('survey_results',5,'search_form',NULL,NULL),('survey_results',10,'navigation_menu','<?xml version=\"1.0\" encoding=\"UTF-8\"?> <properties> <property key=\"navSpec\">code(homepage).subtree(1)</property> </properties> ',NULL),('survey_results',15,'jpsurvey_resultsSurvey',NULL,NULL),('video_archive',0,'navigation_langbar',NULL,NULL),('video_archive',1,'login_form',NULL,NULL),('video_archive',4,'search_form',NULL,NULL),('video_archive',10,'navigation_menu','<?xml version=\"1.0\" encoding=\"UTF-8\"?>\n<properties>\n<property key=\"navSpec\">code(homepage).subtree(1)</property>\n</properties>\n\n',NULL),('video_archive',15,'content_viewer_list','<?xml version=\"1.0\" encoding=\"UTF-8\"?>\n<properties>\n<property key=\"maxElemForItem\">20</property>\n<property key=\"title_it\">Archivio Video</property>\n<property key=\"userFilters\">(attributeFilter=false;key=category)+(attributeFilter=true;key=Title)</property>\n<property key=\"filters\">(order=DESC;attributeFilter=false;key=created)</property>\n<property key=\"title_en\">Video Archive</property>\n<property key=\"contentType\">YTB</property>\n<property key=\"modelId\">53</property>\n</properties>\n\n',NULL),('video_archive',36,'jpsharewith',NULL,NULL);
/*!40000 ALTER TABLE `showletconfig` ENABLE KEYS */;
UNLOCK TABLES;

--
-- Table structure for table `sysconfig`
--

DROP TABLE IF EXISTS `sysconfig`;
/*!40101 SET @saved_cs_client     = @@character_set_client */;
/*!40101 SET character_set_client = utf8 */;
CREATE TABLE `sysconfig` (
  `version` varchar(10) NOT NULL,
  `item` varchar(40) NOT NULL,
  `descr` varchar(100) DEFAULT NULL,
  `config` longtext,
  PRIMARY KEY (`version`,`item`)
) ENGINE=InnoDB DEFAULT CHARSET=utf8;
/*!40101 SET character_set_client = @saved_cs_client */;

--
-- Dumping data for table `sysconfig`
--

LOCK TABLES `sysconfig` WRITE;
/*!40000 ALTER TABLE `sysconfig` DISABLE KEYS */;
INSERT INTO `sysconfig` VALUES ('production','contentTypes','Definition of the Content Types','<?xml version=\"1.0\" encoding=\"UTF-8\"?>\n<contenttypes>\n	<contenttype typecode=\"CNG\" typedescr=\"Generic Content\" viewpage=\"contentsview\" listmodel=\"31\" defaultmodel=\"3\">\n		<attributes>\n			<attribute name=\"Title\" attributetype=\"Text\" searcheable=\"true\" indexingtype=\"TEXT\">\n				<validations>\n					<required>true</required>\n				</validations>\n				<disablingCodes>\n					<code>jpcmsshortcut:editOnWidget</code>\n				</disablingCodes>\n				<roles>\n					<role>jacms:title</role>\n				</roles>\n			</attribute>\n			<attribute name=\"Abstract\" attributetype=\"Longtext\" indexingtype=\"TEXT\">\n				<disablingCodes>\n					<code>jpcmsshortcut:editOnWidget</code>\n				</disablingCodes>\n			</attribute>\n			<attribute name=\"Body\" attributetype=\"Hypertext\" indexingtype=\"TEXT\">\n				<disablingCodes>\n					<code>jpcmsshortcut:editOnWidget</code>\n				</disablingCodes>\n			</attribute>\n\n			<attribute name=\"Image1\" attributetype=\"Image\">\n				<disablingCodes>\n					<code>jpcmsshortcut:editOnWidget</code>\n				</disablingCodes>\n			</attribute>\n\n			<attribute name=\"Image2\" attributetype=\"Image\">\n				<disablingCodes>\n					<code>jpcmsshortcut:editOnWidget</code>\n				</disablingCodes>\n			</attribute>\n\n			<list name=\"Attach\" attributetype=\"Monolist\">\n				<nestedtype>\n					<attribute name=\"Attach\" attributetype=\"Attach\" indexingtype=\"TEXT\" />\n				</nestedtype>\n				<disablingCodes>\n					<code>jpcmsshortcut:editOnWidget</code>\n				</disablingCodes>\n			</list>\n			<list name=\"Links\" attributetype=\"Monolist\">\n				<nestedtype>\n					<attribute name=\"Links\" attributetype=\"Link\" indexingtype=\"TEXT\" />\n				</nestedtype>\n				<disablingCodes>\n					<code>jpcmsshortcut:editOnWidget</code>\n				</disablingCodes>\n			</list>\n		</attributes>\n	</contenttype>\n	<contenttype typecode=\"DWN\" typedescr=\"Download File\" viewpage=\"newsview\" listmodel=\"41\" defaultmodel=\"4\">\n		<attributes>\n			<attribute name=\"Title\" attributetype=\"Text\" searcheable=\"true\" indexingtype=\"TEXT\">\n				<validations>\n					<required>true</required>\n				</validations>\n				<roles>\n					<role>jacms:title</role>\n				</roles>\n				<disablingCodes>\n					<code>jpcmsshortcut:editOnWidget</code>\n				</disablingCodes>\n			</attribute>\n			<attribute name=\"Abstract\" attributetype=\"Longtext\" indexingtype=\"TEXT\">\n				<disablingCodes>\n					<code>jpcmsshortcut:editOnWidget</code>\n				</disablingCodes>\n			</attribute>\n\n			<attribute name=\"File\" attributetype=\"Attach\">\n				<validations>\n					<required>true</required>\n				</validations>\n				<disablingCodes>\n					<code>jpcmsshortcut:editOnWidget</code>\n				</disablingCodes>\n			</attribute>\n		</attributes>\n	</contenttype>\n	<contenttype typecode=\"NEW\" typedescr=\"News\" viewpage=\"newsview\" listmodel=\"21\" defaultmodel=\"2\">\n		<attributes>\n			<attribute name=\"Title\" attributetype=\"Text\" searcheable=\"true\" indexingtype=\"TEXT\">\n				<validations>\n					<required>true</required>\n				</validations>\n				<roles>\n					<role>jacms:title</role>\n				</roles>\n				<disablingCodes>\n					<code>jpcmsshortcut:editOnWidget</code>\n				</disablingCodes>\n			</attribute>\n			<attribute name=\"Date\" attributetype=\"Date\" searcheable=\"true\" indexingtype=\"TEXT\">\n				<validations>\n					<required>true</required>\n				</validations>\n				<disablingCodes>\n					<code>jpcmsshortcut:editOnWidget</code>\n				</disablingCodes>\n			</attribute>\n			<attribute name=\"Abstract\" attributetype=\"Longtext\" indexingtype=\"TEXT\">\n				<disablingCodes>\n					<code>jpcmsshortcut:editOnWidget</code>\n				</disablingCodes>\n			</attribute>\n			<attribute name=\"Body\" attributetype=\"Hypertext\" indexingtype=\"TEXT\">\n				<disablingCodes>\n					<code>jpcmsshortcut:editOnWidget</code>\n				</disablingCodes>\n			</attribute>\n			<attribute name=\"Image1\" attributetype=\"Image\">\n				<disablingCodes>\n					<code>jpcmsshortcut:editOnWidget</code>\n				</disablingCodes>\n			</attribute>\n			<attribute name=\"Image2\" attributetype=\"Image\">\n				<disablingCodes>\n					<code>jpcmsshortcut:editOnWidget</code>\n				</disablingCodes>\n			</attribute>\n			<list name=\"Attach\" attributetype=\"Monolist\">\n				<nestedtype>\n					<attribute name=\"Attach\" attributetype=\"Attach\" indexingtype=\"TEXT\" />\n				</nestedtype>\n				<disablingCodes>\n					<code>jpcmsshortcut:editOnWidget</code>\n				</disablingCodes>\n			</list>\n			<list name=\"Links\" attributetype=\"Monolist\">\n				<nestedtype>\n					<attribute name=\"Links\" attributetype=\"Link\" indexingtype=\"TEXT\" />\n				</nestedtype>\n				<disablingCodes>\n					<code>jpcmsshortcut:editOnWidget</code>\n				</disablingCodes>\n			</list>\n		</attributes>\n	</contenttype>\n	<contenttype typecode=\"TST\" typedescr=\"Test Content Type\" viewpage=\"contentsview\" listmodel=\"11\" defaultmodel=\"1\">\n		<attributes>\n			<attribute name=\"Title\" attributetype=\"Text\" searcheable=\"true\">\n				<validations>\n					<required>true</required>\n				</validations>\n				<roles>\n					<role>jacms:title</role>\n				</roles>\n				<disablingCodes>\n					<code>jpcmsshortcut:editOnWidget</code>\n				</disablingCodes>\n			</attribute>\n		</attributes>\n	</contenttype>\n	<contenttype typecode=\"YTB\" typedescr=\"Youtube Video\" viewpage=\"contentsview\" listmodel=\"51\" defaultmodel=\"5\">\n		<attributes>\n			<attribute name=\"VideoCode\" attributetype=\"Text\">\n				<validations>\n					<required>true</required>\n					<expression evalOnValuedAttribute=\"true\">\n						<ognlexpression><![CDATA[#attribute.getText().length() > 5]]></ognlexpression>\n						<errormessage><![CDATA[Insert the id of the video. Example, it the page is \"http://www.youtube.com/watch?v=012345678901\" the VideoCode is 012345678901.]]></errormessage>\n						<helpmessage><![CDATA[Insert the id of the video. Example, it the page is \"http://www.youtube.com/watch?v=012345678901\" the VideoCode is 012345678901.]]></helpmessage>\n					</expression>\n				</validations>\n				<disablingCodes>\n					<code>jpcmsshortcut:editOnWidget</code>\n				</disablingCodes>\n			</attribute>\n			<attribute name=\"Title\" attributetype=\"Text\" searcheable=\"true\" indexingtype=\"TEXT\">\n				<validations>\n					<required>true</required>\n				</validations>\n				<roles>\n					<role>jacms:title</role>\n				</roles>\n			</attribute>\n			<attribute name=\"Abstract\" attributetype=\"Longtext\" indexingtype=\"TEXT\">\n				<disablingCodes>\n					<code>jpcmsshortcut:editOnWidget</code>\n				</disablingCodes>\n			</attribute>\n			<attribute name=\"Body\" attributetype=\"Hypertext\" indexingtype=\"TEXT\">\n				<disablingCodes>\n					<code>jpcmsshortcut:editOnWidget</code>\n				</disablingCodes>\n			</attribute>\n			<list name=\"Attach\" attributetype=\"Monolist\">\n				<nestedtype>\n					<attribute name=\"Attach\" attributetype=\"Attach\" indexingtype=\"TEXT\" />\n				</nestedtype>\n				<disablingCodes>\n					<code>jpcmsshortcut:editOnWidget</code>\n				</disablingCodes>\n			</list>\n			<list name=\"Links\" attributetype=\"Monolist\">\n				<nestedtype>\n					<attribute name=\"Links\" attributetype=\"Link\" indexingtype=\"TEXT\" />\n				</nestedtype>\n				<disablingCodes>\n					<code>jpcmsshortcut:editOnWidget</code>\n				</disablingCodes>\n			</list>\n		</attributes>\n	</contenttype>\n</contenttypes>\n\n'),('production','imageDimensions','Definition of the resized image dimensions','<Dimensions>\n	<Dimension>\n		<id>1</id>\n		<dimx>90</dimx>\n		<dimy>90</dimy>\n	</Dimension>\n	<Dimension>\n		<id>2</id>\n		<dimx>160</dimx>\n		<dimy>160</dimy>\n	</Dimension>\n	<Dimension>\n		<id>3</id>\n		<dimx>250</dimx>\n		<dimy>250</dimy>\n	</Dimension>\n</Dimensions>\n'),('production','jpcontentfeedback_config','Content Feedback global configuration','<?xml version=\"1.0\" encoding=\"UTF-8\" standalone=\"yes\"?>\n<contentFeedbackConfig>\n		<anonymousComment>false</anonymousComment>\n		<comment>true</comment>\n		<rateComment>true</rateComment>\n		<rateContent>true</rateContent>\n</contentFeedbackConfig>'),('production','jpmail_config','Configurazione del servizio di invio eMail','<mailConfig>\n	<senders>\n		<sender code=\"CODE1\">EMAIL1@EMAIL.COM</sender>\n	</senders>\n	<smtp debug=\"false\" >\n		<host>out.virgilio.it</host>\n		<user></user>\n		<password></password>\n	</smtp>\n</mailConfig>'),('production','jpmyportalplus_config','Definizione degli oggetti configurabili di My Portal','<?xml version=\"1.0\" encoding=\"UTF-8\"?>\n<myportalConfig><showlets><showlet code=\"latest_video\" /><showlet code=\"jpsurvey_questionnaireList\" /><showlet code=\"form_list\" /><showlet code=\"jpsurvey_pollList\" /><showlet code=\"latest_events\" /><showlet code=\"latest_news\" /><showlet code=\"documents_list\" /><showlet code=\"inEvidenza\" /></showlets></myportalConfig>\n'),('production','jpuserprofileProfileType','Definizione del profilo utente','<?xml version=\"1.0\" encoding=\"UTF-8\"?>\n<profiletypes>\n	<profiletype typecode=\"PFL\" typedescr=\"Profilo utente/cittadino tipo\">\n		<attributes>\n			<attribute name=\"Nome\" attributetype=\"Monotext\" searcheable=\"true\">\n				<validations>\n					<required>true</required>\n				</validations>\n				<roles>\n					<role>jpuserprofile:firstname</role>\n				</roles>\n			</attribute>\n			<attribute name=\"Cognome\" attributetype=\"Monotext\" searcheable=\"true\">\n				<validations>\n					<required>true</required>\n				</validations>\n				<roles>\n					<role>jpuserprofile:surname</role>\n				</roles>\n			</attribute>\n			<attribute name=\"email\" attributetype=\"Monotext\" searcheable=\"true\">\n				<validations>\n					<required>true</required>\n				</validations>\n				<roles>\n					<role>jpuserprofile:mail</role>\n				</roles>\n			</attribute>\n			<attribute name=\"azienda\" attributetype=\"Monotext\">\n				<validations />\n			</attribute>\n		</attributes>\n	</profiletype>\n</profiletypes>\n\n'),('production','jpwebdynamicform_messageNotifierConfig','Configurazione del servizio di notifica Messaggi','<messagetypes>\n    <messagetype typeCode=\"PER\" senderCode=\"CODE1\" mailAttrName=\"eMail\" >\n        <recipients>\n            <to><![CDATA[Address 1 <address@notexistant1.itte>]]></to>\n            <to><![CDATA[Address 2 <address@notexistant2.itte>]]></to>\n            <cc><![CDATA[Address 3 <address@notexistant3.itte>]]></cc>\n            <bcc><![CDATA[Address 4 <address@notexistant4.itte>]]></bcc>\n        </recipients>\n        <model>\n            <!-- CORPO DELLA MAIL -->\n            <body><![CDATA[Corpo della Mail come template di Velocity]]></body>\n\n            <!-- OGGETTO DELLA MAIL -->\n            <subject><![CDATA[Oggetto della mail come template di Velocity]]></subject>\n        </model>\n    </messagetype>\n    <messagetype typeCode=\"COM\" senderCode=\"CODE2\" mailAttrName=\"eMail\" store=\"false\" >\n        <recipients>\n            <to><![CDATA[Address 1 <address@notexistant1.itte>]]></to>\n            <to><![CDATA[Address 2 <address@notexistant2.itte>]]></to>\n            <to><![CDATA[Address 3 <address@notexistant3.itte>]]></to>\n            <cc><![CDATA[Address 4 <address@notexistant4.itte>]]></cc>\n            <cc><![CDATA[Address 5 <address@notexistant5.itte>]]></cc>\n            <bcc><![CDATA[Address 6 <address@notexistant6.itte>]]></bcc>\n        </recipients>\n        <model>\n            <!-- CORPO DELLA MAIL -->\n            <body><![CDATA[Corpo della mail come template di Velocity]]></body>\n\n            <!-- OGGETTO DELLA MAIL -->\n            <subject><![CDATA[Oggetto della mail come template di Velocity]]></subject>\n        </model>\n    </messagetype>\n</messagetypes>'),('production','jpwebdynamicform_messageTypes','Definizione dei Tipi di Messaggio','<?xml version=\"1.0\" encoding=\"UTF-8\"?>\n<messagetypes>\n	<messagetype typecode=\"COM\" typedescr=\"Company Form\">\n		<attributes>\n			<attribute name=\"Company\" attributetype=\"Monotext\" searcheable=\"true\">\n				<validations>\n					<required>true</required>\n				</validations>\n			</attribute>\n			<attribute name=\"Address\" attributetype=\"Monotext\" />\n			<attribute name=\"eMail\" attributetype=\"Monotext\">\n				<validations>\n					<required>true</required>\n					<regexp><![CDATA[(.*<.+@.+.[a-z]+>)|(.+@.+.[a-z]+)]]></regexp>\n				</validations>\n			</attribute>\n			<attribute name=\"Note\" attributetype=\"Monotext\">\n				<validations>\n					<required>true</required>\n				</validations>\n			</attribute>\n		</attributes>\n	</messagetype>\n	<messagetype typecode=\"PER\" typedescr=\"Person Form\">\n		<attributes>\n			<attribute name=\"Name\" attributetype=\"Monotext\" searcheable=\"true\">\n				<validations>\n					<required>true</required>\n				</validations>\n			</attribute>\n			<attribute name=\"Surname\" attributetype=\"Monotext\" searcheable=\"true\">\n				<validations>\n					<required>true</required>\n				</validations>\n			</attribute>\n			<attribute name=\"Address\" attributetype=\"Monotext\" />\n			<attribute name=\"eMail\" attributetype=\"Monotext\">\n				<validations>\n					<required>true</required>\n					<regexp><![CDATA[(.*<.+@.+.[a-z]+>)|(.+@.+.[a-z]+)]]></regexp>\n				</validations>\n			</attribute>\n			<attribute name=\"Date\" attributetype=\"Date\">\n				<validations>\n					<required>true</required>\n				</validations>\n			</attribute>\n			<attribute name=\"Number\" attributetype=\"Number\">\n				<validations>\n					<required>true</required>\n				</validations>\n			</attribute>\n			<attribute name=\"Enumerator\" attributetype=\"Enumerator\" separator=\",\">\n				<validations>\n					<required>true</required>\n				</validations>\n				<![CDATA[Opzione A,Opzione B,Opzione C,Opzione D,Opzione E,Opzione F,Opzione G]]>\n			</attribute>\n			<attribute name=\"Longtext\" attributetype=\"Longtext\">\n				<validations>\n					<required>true</required>\n				</validations>\n			</attribute>\n		</attributes>\n	</messagetype>\n</messagetypes>\n\n'),('production','langs','Definition of the system languages','<?xml version=\"1.0\" encoding=\"UTF-8\"?>\n<Langs>\n	<Lang>\n		<code>it</code>\n		<descr>Italiano</descr>\n	</Lang>\n	<Lang>\n		<code>en</code>\n		<descr>English</descr>\n		<default>true</default>\n	</Lang>\n</Langs>\n\n'),('production','params','Configuration params','<?xml version=\"1.0\" encoding=\"UTF-8\"?>\n<Params>\n	<Param name=\"urlStyle\">classic</Param>\n	<Param name=\"hypertextEditor\">fckeditor</Param>\n	<Param name=\"treeStyle_page\">classic</Param>\n	<Param name=\"treeStyle_category\">classic</Param>\n	<Param name=\"startLangFromBrowser\">false</Param>\n	<SpecialPages>\n		<Param name=\"notFoundPageCode\">notfound</Param>\n		<Param name=\"homePageCode\">homepage</Param>\n		<Param name=\"errorPageCode\">errorpage</Param>\n		<Param name=\"loginPageCode\">login</Param>\n	</SpecialPages>\n	<ExtendendPrivacyModule>\n		<Param name=\"extendedPrivacyModuleEnabled\">false</Param>\n		<Param name=\"maxMonthsSinceLastAccess\">6</Param>\n		<Param name=\"maxMonthsSinceLastPasswordChange\">3</Param>        \n	</ExtendendPrivacyModule>\n</Params>\n'),('production','subIndexDir','Name of the sub-directory containing content indexing files','indexdir20120401120738');
/*!40000 ALTER TABLE `sysconfig` ENABLE KEYS */;
UNLOCK TABLES;

--
-- Table structure for table `uniquekeys`
--

DROP TABLE IF EXISTS `uniquekeys`;
/*!40101 SET @saved_cs_client     = @@character_set_client */;
/*!40101 SET character_set_client = utf8 */;
CREATE TABLE `uniquekeys` (
  `id` int(11) NOT NULL DEFAULT '0',
  `keyvalue` int(11) NOT NULL,
  PRIMARY KEY (`id`)
) ENGINE=InnoDB DEFAULT CHARSET=utf8;
/*!40101 SET character_set_client = @saved_cs_client */;

--
-- Dumping data for table `uniquekeys`
--

LOCK TABLES `uniquekeys` WRITE;
/*!40000 ALTER TABLE `uniquekeys` DISABLE KEYS */;
INSERT INTO `uniquekeys` VALUES (1,64);
/*!40000 ALTER TABLE `uniquekeys` ENABLE KEYS */;
UNLOCK TABLES;

--
-- Table structure for table `workcontentrelations`
--

DROP TABLE IF EXISTS `workcontentrelations`;
/*!40101 SET @saved_cs_client     = @@character_set_client */;
/*!40101 SET character_set_client = utf8 */;
CREATE TABLE `workcontentrelations` (
  `contentid` varchar(16) NOT NULL,
  `refcategory` varchar(30) DEFAULT NULL,
  KEY `workcontentrelations_contentid_fkey` (`contentid`),
  KEY `workcontentrelations_refcategory_fkey` (`refcategory`),
  CONSTRAINT `workcontentrelations_contentid_fkey` FOREIGN KEY (`contentid`) REFERENCES `contents` (`contentid`) ON DELETE NO ACTION ON UPDATE NO ACTION
) ENGINE=InnoDB DEFAULT CHARSET=utf8;
/*!40101 SET character_set_client = @saved_cs_client */;

--
-- Dumping data for table `workcontentrelations`
--

LOCK TABLES `workcontentrelations` WRITE;
/*!40000 ALTER TABLE `workcontentrelations` DISABLE KEYS */;
INSERT INTO `workcontentrelations` VALUES ('NEW15','events'),('NEW11','events');
/*!40000 ALTER TABLE `workcontentrelations` ENABLE KEYS */;
UNLOCK TABLES;

--
-- Table structure for table `workcontentsearch`
--

DROP TABLE IF EXISTS `workcontentsearch`;
/*!40101 SET @saved_cs_client     = @@character_set_client */;
/*!40101 SET character_set_client = utf8 */;
CREATE TABLE `workcontentsearch` (
  `contentid` varchar(16) DEFAULT NULL,
  `attrname` varchar(30) NOT NULL,
  `textvalue` varchar(255) DEFAULT NULL,
  `datevalue` date DEFAULT NULL,
  `numvalue` int(11) DEFAULT NULL,
  `langcode` varchar(2) DEFAULT NULL,
  KEY `workcontentsearch_contentid_fkey` (`contentid`),
  CONSTRAINT `workcontentsearch_contentid_fkey` FOREIGN KEY (`contentid`) REFERENCES `contents` (`contentid`) ON DELETE NO ACTION ON UPDATE NO ACTION
) ENGINE=InnoDB DEFAULT CHARSET=utf8;
/*!40101 SET character_set_client = @saved_cs_client */;

--
-- Dumping data for table `workcontentsearch`
--

LOCK TABLES `workcontentsearch` WRITE;
/*!40000 ALTER TABLE `workcontentsearch` DISABLE KEYS */;
INSERT INTO `workcontentsearch` VALUES ('NEW12','Title','Entando on Osor.eu, the Open Source Observatory and Repository for the public administration',NULL,NULL,'en'),('NEW12','Title','Entando on Osor.eu, the Open Source Observatory and Repository for the public administration',NULL,NULL,'it'),('NEW12','Date',NULL,'2011-10-06',NULL,NULL),('NEW17','Title','Release of Entando version 2.4.0.1',NULL,NULL,'en'),('NEW17','Title','Rilascio di Entando versione 2.4.0.1',NULL,NULL,'it'),('NEW17','Date',NULL,'2011-12-07',NULL,NULL),('TST2','Title','Contenuto 1',NULL,NULL,'en'),('TST2','Title','Contenuto 1',NULL,NULL,'it'),('TST4','Title','Contenuto 3',NULL,NULL,'en'),('TST4','Title','Contenuto 3',NULL,NULL,'it'),('TST3','Title','Contenuto 2',NULL,NULL,'en'),('TST3','Title','Contenuto 2',NULL,NULL,'it'),('NEW15','Title','LIVE EVENT - Portal and Business Intelligence: across organizational boundaries',NULL,NULL,'en'),('NEW15','Title','EVENTO LIVE - Il Portale e la Business Intelligence: oltre i confini dell\'organizzazione',NULL,NULL,'it'),('NEW15','Date',NULL,'2011-09-29',NULL,NULL),('NEW11','Title','Webcast: \"Portal Meets Business Intelligence: 3A Latte Arborea, a Case Study about Dairy and Farming in Italy\"',NULL,NULL,'en'),('NEW11','Title','Webcast sull\'integrazione della piattaforma jAPS 2.0 entando e Pentaho Business Intelligence',NULL,NULL,'it'),('NEW11','Date',NULL,'2011-05-24',NULL,NULL),('NEW33','Title','New customer Services',NULL,NULL,'en'),('NEW33','Title','Nuovi servizi per i clienti',NULL,NULL,'it'),('NEW33','Date',NULL,'2011-12-01',NULL,NULL),('NEW21','Title','Welcome to the Intranet Area for co-workers',NULL,NULL,'en'),('NEW21','Title','Benvenuti nell\'area Intranet dedicata ai collaboratori',NULL,NULL,'it'),('NEW21','Date',NULL,'2011-12-14',NULL,NULL),('NEW22','Title','Meeting reserved for co-workers',NULL,NULL,'en'),('NEW22','Title','Incontro riservato ai collaboratori',NULL,NULL,'it'),('NEW22','Date',NULL,'2011-11-24',NULL,NULL),('NEW30','Title','New reports for customers now available',NULL,NULL,'en'),('NEW30','Title','Ora sono disponibili i report per i clienti',NULL,NULL,'it'),('NEW30','Date',NULL,'2011-11-16',NULL,NULL),('NEW19','Title','Contribute to Entando Project: submit your Idea and Suggestion',NULL,NULL,'en'),('NEW19','Title','Contribuisci al progetto Entando: proponi la tua idea',NULL,NULL,'it'),('NEW19','Date',NULL,'2011-10-20',NULL,NULL),('CNG45','Title','My Entando APP',NULL,NULL,'en'),('CNG45','Title','APP My Entando',NULL,NULL,'it'),('CNG56','Title','Welcome to Entando Portal Demo',NULL,NULL,'en'),('CNG56','Title','Benvenuto in Entando Portal Demo',NULL,NULL,'it'),('CNG55','Title','Some useful links',NULL,NULL,'en'),('CNG55','Title','Collegamenti utili',NULL,NULL,'it'),('YTB58','Title','Entando Backoffice Demo',NULL,NULL,'en'),('YTB58','Title','Entando Backoffice Demo',NULL,NULL,'it'),('DWN49','Title','Intranet Documentation',NULL,NULL,'en'),('DWN49','Title','Documentazione per Intranet',NULL,NULL,'it'),('DWN47','Title','Customer Best Practice',NULL,NULL,'en'),('DWN47','Title','Customer Best Practice',NULL,NULL,'it'),('DWN38','Title','Entando System Requirements',NULL,NULL,'en'),('DWN38','Title','Entando - Requisiti di sistema',NULL,NULL,'it'),('DWN44','Title','Business Plan',NULL,NULL,'en'),('DWN44','Title','Business Plan',NULL,NULL,'it'),('DWN51','Title','Customer Agreement',NULL,NULL,'en'),('DWN51','Title','Contratto Clienti',NULL,NULL,'it'),('DWN53','Title','Entando Model',NULL,NULL,'en'),('DWN53','Title','Il Modello Entando',NULL,NULL,'it'),('DWN40','Title','Product Details',NULL,NULL,'en'),('DWN40','Title','Scheda Prodotto',NULL,NULL,'it'),('CNG59','Title','Entando',NULL,NULL,'en'),('CNG59','Title','Entando',NULL,NULL,'it');
/*!40000 ALTER TABLE `workcontentsearch` ENABLE KEYS */;
UNLOCK TABLES;
/*!40103 SET TIME_ZONE=@OLD_TIME_ZONE */;

/*!40101 SET SQL_MODE=@OLD_SQL_MODE */;
/*!40014 SET FOREIGN_KEY_CHECKS=@OLD_FOREIGN_KEY_CHECKS */;
/*!40014 SET UNIQUE_CHECKS=@OLD_UNIQUE_CHECKS */;
/*!40101 SET CHARACTER_SET_CLIENT=@OLD_CHARACTER_SET_CLIENT */;
/*!40101 SET CHARACTER_SET_RESULTS=@OLD_CHARACTER_SET_RESULTS */;
/*!40101 SET COLLATION_CONNECTION=@OLD_COLLATION_CONNECTION */;
/*!40111 SET SQL_NOTES=@OLD_SQL_NOTES */;

-- Dump completed on 2012-04-03 10:01:25
